-- phpMyAdmin SQL Dump
-- version 4.5.4.1deb2ubuntu2.1
-- http://www.phpmyadmin.net
--
-- Host: localhost
-- Generation Time: Sep 17, 2022 at 06:50 AM
-- Server version: 5.7.33-0ubuntu0.16.04.1
-- PHP Version: 7.0.33-0ubuntu0.16.04.16

SET SQL_MODE = "NO_AUTO_VALUE_ON_ZERO";
SET time_zone = "+00:00";


/*!40101 SET @OLD_CHARACTER_SET_CLIENT=@@CHARACTER_SET_CLIENT */;
/*!40101 SET @OLD_CHARACTER_SET_RESULTS=@@CHARACTER_SET_RESULTS */;
/*!40101 SET @OLD_COLLATION_CONNECTION=@@COLLATION_CONNECTION */;
/*!40101 SET NAMES utf8mb4 */;

--
-- Database: `tv_talk_mobile_application`
--

-- --------------------------------------------------------

--
-- Table structure for table `Admins`
--

CREATE TABLE `Admins` (
  `id` int(11) NOT NULL,
  `name` varchar(255) NOT NULL,
  `username` varchar(255) NOT NULL,
  `email` varchar(255) NOT NULL,
  `password` varchar(255) NOT NULL,
  `reset_token` varchar(255) DEFAULT NULL,
  `createdAt` datetime DEFAULT '2022-08-10 11:37:46',
  `updatedAt` datetime DEFAULT '2022-08-10 11:37:46'
) ENGINE=InnoDB DEFAULT CHARSET=latin1;

--
-- Dumping data for table `Admins`
--

INSERT INTO `Admins` (`id`, `name`, `username`, `email`, `password`, `reset_token`, `createdAt`, `updatedAt`) VALUES
(1, 'admin', 'ap123', 'ap@email.com', '$2a$10$3iPohnAOvbhN/muz2/JXf.n7vDcjc2RZeCzF2rhE4Kd4Guk3tWxa6', 'eyJhbGciOiJIUzUxMiIsInR5cCI6IkpXVCJ9.eyJleHAiOjE2NjI3OTYwNjEsImlkIjoxLCJpYXQiOjE2NjIxOTEyNjF9.GTJ4eJJLc5xVnt1lgG6O-MOo3Uo0oIGMxfHZ2xrsN_45b5Nd5M5uBjHXof0Oz_fXO4nO9VR0vJCbiwnfhxl-qg', '2022-08-10 11:37:46', '2022-09-03 07:47:41');

-- --------------------------------------------------------

--
-- Table structure for table `Ads`
--

CREATE TABLE `Ads` (
  `id` int(11) NOT NULL,
  `title` varchar(255) NOT NULL,
  `adType` int(11) NOT NULL,
  `content` varchar(255) NOT NULL,
  `createdAt` datetime NOT NULL,
  `updatedAt` datetime NOT NULL
) ENGINE=InnoDB DEFAULT CHARSET=latin1;

--
-- Dumping data for table `Ads`
--

INSERT INTO `Ads` (`id`, `title`, `adType`, `content`, `createdAt`, `updatedAt`) VALUES
(2, 'AD', 0, 'csacsa asdas dsad sadsa dsa das dsa d sad sa d sad sad sa d sad c c fvfd gfd gdf gd ftre tre df dxc xz cz dfds ', '2022-08-26 08:00:03', '2022-08-26 08:00:03'),
(3, 'second', 2, '1661852456815-154695746wallpaperflare.com_wallpaper (3).jpg', '2022-08-30 09:40:58', '2022-08-30 09:40:58'),
(4, 'third', 1, '1661852847561-304530412production ID_4124024.mp4', '2022-08-30 09:47:28', '2022-08-30 09:47:28'),
(5, 'jnasdja', 1, '1661853136905-338180716production ID_4124024.mp4', '2022-08-30 09:52:17', '2022-08-30 09:52:17'),
(6, 'sdfdsasd', 0, 'fdsfdsfdsfsdfds', '2022-08-31 06:38:04', '2022-08-31 06:38:04'),
(7, 'sfgfdgfg', 0, 'gdfgfdgdsf', '2022-08-31 06:38:48', '2022-08-31 06:38:48'),
(8, 'V1', 1, '1661927951131-599398933with_audio.wmv', '2022-08-31 06:39:11', '2022-08-31 06:39:11'),
(9, 'dsfsdfsdfds', 0, 'fdsfasdfdfdsfa', '2022-08-31 06:39:12', '2022-08-31 06:39:12'),
(10, 'sfuiabsduidiuuabjsd', 0, 'sdbfhdsabufbdsjfbadbsjbf', '2022-08-31 06:49:04', '2022-08-31 06:49:04');

-- --------------------------------------------------------

--
-- Table structure for table `Comments`
--

CREATE TABLE `Comments` (
  `id` int(11) NOT NULL,
  `userId` int(11) DEFAULT NULL,
  `postId` int(11) DEFAULT NULL,
  `content` varchar(255) DEFAULT NULL,
  `createdAt` datetime NOT NULL DEFAULT CURRENT_TIMESTAMP,
  `updatedAt` datetime NOT NULL
) ENGINE=InnoDB DEFAULT CHARSET=latin1;

--
-- Dumping data for table `Comments`
--

INSERT INTO `Comments` (`id`, `userId`, `postId`, `content`, `createdAt`, `updatedAt`) VALUES
(68, 106, 1168, 'vhs', '2022-08-30 13:50:51', '2022-08-30 13:50:51'),
(69, 106, 183597, 'hel', '2022-09-01 12:01:24', '2022-09-01 12:01:24'),
(70, 126, 185822, 'Hi', '2022-09-08 13:36:20', '2022-09-08 13:36:20'),
(71, 127, 186493, 'hah', '2022-09-08 14:15:27', '2022-09-08 14:15:27'),
(72, 127, 186493, 'hello', '2022-09-09 09:25:49', '2022-09-09 09:25:49'),
(73, 127, 186493, 'helllo', '2022-09-09 09:26:12', '2022-09-09 09:26:12'),
(74, 127, 186493, 'he', '2022-09-09 09:36:45', '2022-09-09 09:36:45'),
(75, 128, 186493, 'Abcd', '2022-09-09 13:51:41', '2022-09-09 13:51:41'),
(76, 127, 186493, 'this is another comment ', '2022-09-10 08:17:55', '2022-09-10 08:17:55'),
(77, 127, 186493, 'new comment ', '2022-09-10 08:21:33', '2022-09-10 08:21:33'),
(78, 127, 186493, 'create', '2022-09-10 08:23:50', '2022-09-10 08:23:50'),
(79, 140, 186487, 'Pgddh', '2022-09-15 11:33:21', '2022-09-15 11:33:21'),
(80, 140, 186475, 'fdch', '2022-09-15 11:45:41', '2022-09-15 11:45:41'),
(81, 140, 186475, 'gxght', '2022-09-15 11:45:53', '2022-09-15 11:45:53'),
(82, 144, 185822, 'good one', '2022-09-16 09:29:56', '2022-09-16 09:29:56');

-- --------------------------------------------------------

--
-- Table structure for table `comment_likes`
--

CREATE TABLE `comment_likes` (
  `id` int(11) NOT NULL,
  `commentId` int(11) DEFAULT NULL,
  `userId` int(11) DEFAULT NULL,
  `createdAt` datetime NOT NULL,
  `updatedAt` datetime NOT NULL
) ENGINE=InnoDB DEFAULT CHARSET=latin1;

--
-- Dumping data for table `comment_likes`
--

INSERT INTO `comment_likes` (`id`, `commentId`, `userId`, `createdAt`, `updatedAt`) VALUES
(1, 75, 128, '2022-09-09 13:51:50', '2022-09-09 13:51:50'),
(3, 75, 127, '2022-09-10 08:14:47', '2022-09-10 08:14:47'),
(4, 73, 127, '2022-09-10 08:14:51', '2022-09-10 08:14:51');

-- --------------------------------------------------------

--
-- Table structure for table `Feedbacks`
--

CREATE TABLE `Feedbacks` (
  `id` int(11) NOT NULL,
  `userId` int(11) NOT NULL,
  `title` varchar(255) NOT NULL,
  `messege` varchar(255) DEFAULT NULL,
  `createdAt` datetime DEFAULT NULL,
  `updatedAt` datetime DEFAULT NULL
) ENGINE=InnoDB DEFAULT CHARSET=latin1;

-- --------------------------------------------------------

--
-- Table structure for table `Notifications`
--

CREATE TABLE `Notifications` (
  `id` int(11) NOT NULL,
  `title` varchar(255) DEFAULT NULL,
  `content` varchar(255) DEFAULT NULL,
  `read_status` tinyint(1) DEFAULT '0',
  `createdAt` datetime NOT NULL,
  `updatedAt` datetime NOT NULL
) ENGINE=InnoDB DEFAULT CHARSET=latin1;

--
-- Dumping data for table `Notifications`
--

INSERT INTO `Notifications` (`id`, `title`, `content`, `read_status`, `createdAt`, `updatedAt`) VALUES
(1, 'Test', 'ytr jwruiewh r iweur hewrew', 0, '2022-08-23 12:36:28', '2022-08-23 12:36:28');

-- --------------------------------------------------------

--
-- Table structure for table `notification_tags`
--

CREATE TABLE `notification_tags` (
  `id` int(11) NOT NULL,
  `notificationId` int(11) DEFAULT NULL,
  `tagId` int(11) DEFAULT NULL,
  `tagname` varchar(255) DEFAULT NULL,
  `createdAt` datetime NOT NULL,
  `updatedAt` datetime NOT NULL
) ENGINE=InnoDB DEFAULT CHARSET=latin1;

--
-- Dumping data for table `notification_tags`
--

INSERT INTO `notification_tags` (`id`, `notificationId`, `tagId`, `tagname`, `createdAt`, `updatedAt`) VALUES
(1, 1, 34, 'Celebrity News', '2022-08-23 12:36:28', '2022-08-23 12:36:28'),
(2, 1, 31, 'Daily Spoilers', '2022-08-23 12:36:28', '2022-08-23 12:36:28');

-- --------------------------------------------------------

--
-- Table structure for table `Options`
--

CREATE TABLE `Options` (
  `id` int(11) NOT NULL,
  `quizId` int(11) NOT NULL,
  `option` varchar(255) NOT NULL,
  `isCorrect` tinyint(1) DEFAULT '0',
  `createdAt` datetime NOT NULL,
  `updatedAt` datetime NOT NULL
) ENGINE=InnoDB DEFAULT CHARSET=latin1;

--
-- Dumping data for table `Options`
--

INSERT INTO `Options` (`id`, `quizId`, `option`, `isCorrect`, `createdAt`, `updatedAt`) VALUES
(1, 4, 'hjbjh', 1, '2022-08-25 14:13:44', '2022-08-25 14:13:44'),
(2, 4, 'jhb', 0, '2022-08-25 14:13:44', '2022-08-25 14:13:44'),
(3, 4, 'hjbh', 0, '2022-08-25 14:13:44', '2022-08-25 14:13:44'),
(4, 4, 'njhb', 0, '2022-08-25 14:13:44', '2022-08-25 14:13:44'),
(5, 5, 'A', 0, '2022-08-26 07:31:19', '2022-08-26 07:31:19'),
(6, 5, 'B', 0, '2022-08-26 07:31:19', '2022-08-26 07:31:19'),
(7, 5, 'C', 1, '2022-08-26 07:31:19', '2022-08-26 07:31:19'),
(8, 5, 'D', 0, '2022-08-26 07:31:19', '2022-08-26 07:31:19'),
(9, 5, 'ALL OF ABOVE ', 0, '2022-08-26 07:31:19', '2022-08-26 07:31:19'),
(34, 16, 'a', 0, '2022-08-30 13:29:35', '2022-08-30 13:30:43'),
(35, 16, 'b', 0, '2022-08-30 13:29:35', '2022-08-30 13:30:43'),
(36, 16, 'c', 0, '2022-08-30 13:29:35', '2022-08-30 13:30:43'),
(37, 16, 'd', 1, '2022-08-30 13:29:35', '2022-08-30 13:30:43'),
(38, 17, 'A', 0, '2022-08-31 06:17:00', '2022-08-31 06:17:00'),
(39, 17, 'B', 0, '2022-08-31 06:17:00', '2022-08-31 06:17:00'),
(40, 17, 'C', 1, '2022-08-31 06:17:00', '2022-08-31 06:17:00'),
(41, 17, 'D', 0, '2022-08-31 06:17:00', '2022-08-31 06:17:00'),
(42, 18, 'A', 0, '2022-08-31 06:18:13', '2022-08-31 06:18:27'),
(43, 18, 'B', 0, '2022-08-31 06:18:13', '2022-08-31 06:18:27'),
(44, 18, 'C', 0, '2022-08-31 06:18:13', '2022-08-31 06:18:27'),
(45, 18, 'D', 0, '2022-08-31 06:18:13', '2022-08-31 06:18:27'),
(46, 18, 'E', 0, '2022-08-31 06:18:13', '2022-08-31 06:18:27'),
(47, 18, 'F', 1, '2022-08-31 06:18:13', '2022-08-31 06:18:27');

-- --------------------------------------------------------

--
-- Table structure for table `Otps`
--

CREATE TABLE `Otps` (
  `id` int(11) NOT NULL,
  `userId` int(11) NOT NULL,
  `otp` int(11) NOT NULL,
  `otp_type` int(11) NOT NULL COMMENT '1:Email, 2:Mobile',
  `email` varchar(255) DEFAULT NULL,
  `mobile` bigint(20) DEFAULT NULL,
  `verified` tinyint(1) NOT NULL DEFAULT '0',
  `expiry` bigint(20) DEFAULT NULL,
  `createdAt` datetime NOT NULL,
  `updatedAt` datetime NOT NULL
) ENGINE=InnoDB DEFAULT CHARSET=latin1;

--
-- Dumping data for table `Otps`
--

INSERT INTO `Otps` (`id`, `userId`, `otp`, `otp_type`, `email`, `mobile`, `verified`, `expiry`, `createdAt`, `updatedAt`) VALUES
(51, 35, 222222, 1, 'bfha@hwh.com', NULL, 0, 1660656752188, '2022-08-16 13:27:32', '2022-08-16 13:27:32'),
(52, 36, 222222, 1, 'fbfha@hwh.com', NULL, 0, 1660656801526, '2022-08-16 13:28:21', '2022-08-16 13:28:21'),
(53, 37, 222222, 1, 'fbfa@hwh.com', NULL, 0, 1660656895891, '2022-08-16 13:29:55', '2022-08-16 13:29:55'),
(54, 38, 222222, 1, 'gaga@ha.com', NULL, 0, 1660656998723, '2022-08-16 13:31:38', '2022-08-16 13:31:38'),
(55, 39, 222222, 1, 'fyr@gtg.com', NULL, 0, 1660657425787, '2022-08-16 13:38:45', '2022-08-16 13:38:45'),
(56, 40, 222222, 1, 'hahh@hsh.com', NULL, 0, 1660657517445, '2022-08-16 13:40:17', '2022-08-16 13:40:17'),
(57, 41, 222222, 1, 'rahul@mail.com', NULL, 0, 1660718812422, '2022-08-17 06:41:52', '2022-08-17 06:41:52'),
(58, 42, 222222, 1, 'raj@mail.com', NULL, 0, 1660718857899, '2022-08-17 06:42:37', '2022-08-17 06:42:37'),
(59, 43, 222222, 1, 'abhedk@email.com', NULL, 0, 1660720664549, '2022-08-17 07:12:44', '2022-08-17 07:12:44'),
(60, 44, 222222, 1, 'murtuza@hackerkerneru.com', NULL, 0, 1660720725060, '2022-08-17 07:13:45', '2022-08-17 07:13:45'),
(61, 45, 222222, 1, 'murtuza@gmail.com', NULL, 0, 1660724307591, '2022-08-17 08:13:27', '2022-08-17 08:13:27'),
(62, 46, 222222, 1, 'jsj@mail.com', NULL, 0, 1660724755257, '2022-08-17 08:20:55', '2022-08-17 08:20:55'),
(63, 47, 222222, 1, 'rahul@ma.com', NULL, 0, 1660729654360, '2022-08-17 09:42:34', '2022-08-17 09:42:34'),
(64, 48, 222222, 1, 'abhedk@email.com', NULL, 0, 1660732020565, '2022-08-17 10:22:00', '2022-08-17 10:22:00'),
(65, 49, 222222, 1, 'kak@naj.com', NULL, 0, 1660732856203, '2022-08-17 10:35:56', '2022-08-17 10:35:56'),
(66, 50, 222222, 1, 'abhishek@email.com', NULL, 0, 1660734035624, '2022-08-17 10:55:35', '2022-08-17 10:55:35'),
(67, 51, 222222, 1, 'jsj@mail.com', NULL, 0, 1660734430283, '2022-08-17 11:02:10', '2022-08-17 11:02:10'),
(68, 52, 222222, 1, 'tvtalk@orkut.com', NULL, 0, 1660737289596, '2022-08-17 11:49:49', '2022-08-17 11:49:49'),
(69, 53, 222222, 1, 'jah@ha.com', NULL, 0, 1660738612585, '2022-08-17 12:11:52', '2022-08-17 12:11:52'),
(70, 54, 222222, 1, 'abhishek@email.in', NULL, 0, 1660821405520, '2022-08-18 11:11:45', '2022-08-18 11:11:45'),
(71, 54, 111111, 1, 'abhishek@email.in', NULL, 0, 1660889566312, '2022-08-19 06:07:46', '2022-08-19 06:07:46'),
(72, 54, 111111, 1, 'abhishek@email.in', NULL, 0, 1660889835709, '2022-08-19 06:12:15', '2022-08-19 06:12:15'),
(73, 55, 222222, 1, 'abhishek4@email.in', NULL, 0, 1660889868489, '2022-08-19 06:12:48', '2022-08-19 06:12:48'),
(74, 55, 222222, 1, 'abhishek4@email.in', NULL, 0, 1660889998010, '2022-08-19 06:14:58', '2022-08-19 06:14:58'),
(75, 55, 222222, 1, 'abhishek4@email.in', NULL, 0, 1660890021410, '2022-08-19 06:15:21', '2022-08-19 06:15:21'),
(76, 55, 222222, 1, 'abhishek4@email.in', NULL, 0, 1660890194587, '2022-08-19 06:18:14', '2022-08-19 06:18:14'),
(77, 55, 222222, 1, 'abhishek4@email.in', NULL, 0, 1660890197499, '2022-08-19 06:18:17', '2022-08-19 06:18:17'),
(78, 55, 222222, 1, 'abhishek4@email.in', NULL, 0, 1660890336553, '2022-08-19 06:20:36', '2022-08-19 06:20:36'),
(79, 54, 111111, 1, 'abhishek@email.in', NULL, 0, 1660890661123, '2022-08-19 06:26:01', '2022-08-19 06:26:01'),
(80, 55, 222222, 1, 'abhishek4@email.in', NULL, 0, 1660890701556, '2022-08-19 06:26:41', '2022-08-19 06:26:41'),
(81, 55, 222222, 1, 'abhishek4@email.in', NULL, 0, 1660890718320, '2022-08-19 06:26:58', '2022-08-19 06:26:58'),
(82, 58, 222222, 1, 'abhishek4@email.com', NULL, 0, 1660913488255, '2022-08-19 12:46:28', '2022-08-19 12:46:28'),
(83, 59, 222222, 1, 'paw@mail.com', NULL, 0, 1660989426303, '2022-08-20 09:52:06', '2022-08-20 09:52:06'),
(84, 60, 222222, 1, 'hah@hw.com', NULL, 0, 1660993486900, '2022-08-20 10:59:46', '2022-08-20 10:59:46'),
(85, 61, 222222, 1, 'jja@bsh.com', NULL, 0, 1660993559071, '2022-08-20 11:00:59', '2022-08-20 11:00:59'),
(86, 62, 222222, 1, 'hag@ha.com', NULL, 0, 1660993637988, '2022-08-20 11:02:17', '2022-08-20 11:02:17'),
(87, 63, 222222, 1, 'hay@hhw.com', NULL, 0, 1660993686806, '2022-08-20 11:03:06', '2022-08-20 11:03:06'),
(88, 64, 222222, 1, 'gah@hwh.com', NULL, 0, 1660993808973, '2022-08-20 11:05:08', '2022-08-20 11:05:08'),
(89, 65, 222222, 1, 'hah@jw.com', NULL, 0, 1660994037475, '2022-08-20 11:08:57', '2022-08-20 11:08:57'),
(90, 66, 222222, 1, 'ha@gag.com', NULL, 0, 1660998568065, '2022-08-20 12:24:28', '2022-08-20 12:24:28'),
(91, 67, 222222, 1, 'kkk@mail.com', NULL, 0, 1661238942262, '2022-08-23 07:10:42', '2022-08-23 07:10:42'),
(92, 70, 222222, 1, 'minal@mailinator.com', NULL, 0, 1661246238327, '2022-08-23 09:12:18', '2022-08-23 09:12:18'),
(93, 72, 222222, 1, 'minal1@mailinator.com', NULL, 0, 1661250780816, '2022-08-23 10:28:00', '2022-08-23 10:28:00'),
(94, 72, 111111, 1, 'minal1@mailinator.com', NULL, 0, 1661252273638, '2022-08-23 10:52:53', '2022-08-23 10:52:53'),
(95, 72, 111111, 1, 'minal1@mailinator.com', NULL, 0, 1661252278272, '2022-08-23 10:52:58', '2022-08-23 10:52:58'),
(96, 72, 111111, 1, 'minal1@mailinator.com', NULL, 0, 1661252304583, '2022-08-23 10:53:24', '2022-08-23 10:53:24'),
(97, 72, 111111, 1, 'minal1@mailinator.com', NULL, 0, 1661252314842, '2022-08-23 10:53:34', '2022-08-23 10:53:34'),
(98, 74, 222222, 1, 'ha@hs.com', NULL, 0, 1661257492720, '2022-08-23 12:19:52', '2022-08-23 12:19:52'),
(99, 74, 222222, 1, 'ha@hs.com', NULL, 0, 1661257745321, '2022-08-23 12:24:05', '2022-08-23 12:24:05'),
(100, 75, 222222, 1, 'ga@bs.com', NULL, 0, 1661257881663, '2022-08-23 12:26:21', '2022-08-23 12:26:21'),
(101, 76, 222222, 1, 'gaa@hw.com', NULL, 0, 1661257990877, '2022-08-23 12:28:10', '2022-08-23 12:28:10'),
(102, 77, 222222, 1, 'ha@hah.com', NULL, 0, 1661258079864, '2022-08-23 12:29:39', '2022-08-23 12:29:39'),
(103, 51, 111111, 1, 'jsj@mail.com', NULL, 0, 1661258176840, '2022-08-23 12:31:16', '2022-08-23 12:31:16'),
(104, 51, 111111, 1, 'jsj@mail.com', NULL, 0, 1661258183683, '2022-08-23 12:31:23', '2022-08-23 12:31:23'),
(105, 51, 111111, 1, 'jsj@mail.com', NULL, 0, 1661258203317, '2022-08-23 12:31:43', '2022-08-23 12:31:43'),
(106, 51, 111111, 1, 'jsj@mail.com', NULL, 0, 1661258216052, '2022-08-23 12:31:56', '2022-08-23 12:31:56'),
(107, 51, 111111, 1, 'jsj@mail.com', NULL, 0, 1661258302563, '2022-08-23 12:33:22', '2022-08-23 12:33:22'),
(108, 51, 111111, 1, 'jsj@mail.com', NULL, 0, 1661258527814, '2022-08-23 12:37:07', '2022-08-23 12:37:07'),
(109, 51, 111111, 1, 'jsj@mail.com', NULL, 0, 1661258762796, '2022-08-23 12:41:02', '2022-08-23 12:41:02'),
(110, 51, 111111, 1, 'jsj@mail.com', NULL, 0, 1661258792833, '2022-08-23 12:41:32', '2022-08-23 12:41:32'),
(111, 51, 111111, 1, 'jsj@mail.com', NULL, 0, 1661263567508, '2022-08-23 14:01:07', '2022-08-23 14:01:07'),
(112, 51, 111111, 1, 'jsj@mail.com', NULL, 0, 1661263581341, '2022-08-23 14:01:21', '2022-08-23 14:01:21'),
(113, 51, 111111, 1, 'jsj@mail.com', NULL, 0, 1661264003776, '2022-08-23 14:08:23', '2022-08-23 14:08:58'),
(114, 51, 111111, 1, 'jsj@mail.com', NULL, 0, 1661280225484, '2022-08-23 18:38:45', '2022-08-23 18:38:45'),
(115, 51, 111111, 1, 'jsj@mail.com', NULL, 0, 1661324823424, '2022-08-24 07:02:03', '2022-08-24 07:02:03'),
(116, 51, 111111, 1, 'jsj@mail.com', NULL, 0, 1661324850350, '2022-08-24 07:02:30', '2022-08-24 07:02:30'),
(117, 51, 111111, 1, 'jsj@mail.com', NULL, 0, 1661324908369, '2022-08-24 07:03:28', '2022-08-24 07:03:28'),
(118, 51, 111111, 1, 'jsj@mail.com', NULL, 0, 1661324939521, '2022-08-24 07:03:59', '2022-08-24 07:03:59'),
(119, 51, 111111, 1, 'jsj@mail.com', NULL, 0, 1661324994252, '2022-08-24 07:04:54', '2022-08-24 07:04:54'),
(120, 51, 111111, 1, 'jsj@mail.com', NULL, 0, 1661325055555, '2022-08-24 07:05:55', '2022-08-24 07:05:55'),
(121, 51, 111111, 1, 'jsj@mail.com', NULL, 0, 1661325108835, '2022-08-24 07:06:48', '2022-08-24 07:06:48'),
(122, 51, 111111, 1, 'jsj@mail.com', NULL, 0, 1661325143607, '2022-08-24 07:07:23', '2022-08-24 07:07:23'),
(123, 51, 111111, 1, 'jsj@mail.com', NULL, 0, 1661325149619, '2022-08-24 07:07:29', '2022-08-24 07:07:29'),
(124, 51, 111111, 1, 'jsj@mail.com', NULL, 0, 1661325266293, '2022-08-24 07:09:26', '2022-08-24 07:09:26'),
(125, 51, 111111, 1, 'jsj@mail.com', NULL, 0, 1661325292590, '2022-08-24 07:09:52', '2022-08-24 07:09:52'),
(126, 51, 111111, 1, 'jsj@mail.com', NULL, 0, 1661325298428, '2022-08-24 07:09:58', '2022-08-24 07:09:58'),
(127, 51, 111111, 1, 'jsj@mail.com', NULL, 0, 1661325344378, '2022-08-24 07:10:44', '2022-08-24 07:10:44'),
(128, 51, 111111, 1, 'jsj@mail.com', NULL, 0, 1661325351532, '2022-08-24 07:10:51', '2022-08-24 07:10:51'),
(129, 51, 111111, 1, 'jsj@mail.com', NULL, 0, 1661325379585, '2022-08-24 07:11:19', '2022-08-24 07:11:19'),
(130, 51, 111111, 1, 'jsj@mail.com', NULL, 0, 1661325385536, '2022-08-24 07:11:25', '2022-08-24 07:11:25'),
(131, 51, 111111, 1, 'jsj@mail.com', NULL, 0, 1661326300188, '2022-08-24 07:26:40', '2022-08-24 07:26:40'),
(132, 51, 111111, 1, 'jsj@mail.com', NULL, 0, 1661326307161, '2022-08-24 07:26:47', '2022-08-24 07:26:47'),
(133, 51, 111111, 1, 'jsj@mail.com', NULL, 0, 1661326379927, '2022-08-24 07:27:59', '2022-08-24 07:27:59'),
(134, 80, 222222, 1, 'kaj@jw.com', NULL, 0, 1661326572811, '2022-08-24 07:31:12', '2022-08-24 07:31:12'),
(135, 80, 222222, 1, 'kaj@jw.com', NULL, 0, 1661326645871, '2022-08-24 07:32:25', '2022-08-24 07:32:25'),
(136, 81, 222222, 1, 'rdd@gg.com', NULL, 0, 1661327183074, '2022-08-24 07:41:23', '2022-08-24 07:41:23'),
(137, 81, 222222, 1, 'rdd@gg.com', NULL, 0, 1661327189370, '2022-08-24 07:41:29', '2022-08-24 07:41:29'),
(138, 81, 222222, 1, 'rdd@gg.com', NULL, 0, 1661327198643, '2022-08-24 07:41:38', '2022-08-24 07:41:38'),
(139, 81, 222222, 1, 'rdd@gg.com', NULL, 0, 1661327282317, '2022-08-24 07:43:02', '2022-08-24 07:43:02'),
(140, 81, 222222, 1, 'rdd@gg.com', NULL, 0, 1661327291842, '2022-08-24 07:43:11', '2022-08-24 07:43:11'),
(141, 81, 222222, 1, 'rdd@gg.com', NULL, 0, 1661327297788, '2022-08-24 07:43:17', '2022-08-24 07:43:17'),
(142, 82, 222222, 1, 'vgg@hu.com', NULL, 0, 1661327352411, '2022-08-24 07:44:12', '2022-08-24 07:44:12'),
(143, 82, 222222, 1, 'vgg@hu.com', NULL, 0, 1661327361658, '2022-08-24 07:44:21', '2022-08-24 07:44:21'),
(144, 83, 222222, 1, 'hah@hs.com', NULL, 0, 1661327626379, '2022-08-24 07:48:46', '2022-08-24 07:48:46'),
(145, 84, 222222, 1, 'ga@hw.com', NULL, 0, 1661327660401, '2022-08-24 07:49:20', '2022-08-24 07:49:20'),
(146, 51, 111111, 1, 'jsj@mail.com', NULL, 0, 1661338413304, '2022-08-24 10:48:33', '2022-08-24 10:48:33'),
(147, 51, 111111, 1, 'jsj@mail.com', NULL, 0, 1661338421750, '2022-08-24 10:48:41', '2022-08-24 10:48:41'),
(148, 51, 111111, 1, 'jsj@mail.com', NULL, 0, 1661338433046, '2022-08-24 10:48:53', '2022-08-24 10:49:41'),
(149, 86, 222222, 1, 'warlordtizen@gmail.com', NULL, 0, 1661338871511, '2022-08-24 10:56:11', '2022-08-24 10:56:11'),
(150, 51, 111111, 1, 'jsj@mail.com', NULL, 1, 1661339076359, '2022-08-24 10:59:36', '2022-08-24 10:59:45'),
(151, 51, 111111, 1, 'jsj@mail.com', NULL, 1, 1661339470560, '2022-08-24 11:06:10', '2022-08-24 11:06:19'),
(152, 51, 111111, 1, 'jsj@mail.com', NULL, 1, 1661339695853, '2022-08-24 11:09:55', '2022-08-24 11:10:03'),
(153, 51, 111111, 1, 'jsj@mail.com', NULL, 1, 1661339744882, '2022-08-24 11:10:44', '2022-08-24 11:10:52'),
(154, 51, 111111, 1, 'jsj@mail.com', NULL, 1, 1661339880686, '2022-08-24 11:13:00', '2022-08-24 11:13:07'),
(155, 51, 111111, 1, 'jsj@mail.com', NULL, 1, 1661340023508, '2022-08-24 11:15:23', '2022-08-24 11:15:31'),
(156, 51, 111111, 1, 'jsj@mail.com', NULL, 0, 1661341974367, '2022-08-24 11:47:54', '2022-08-24 11:47:54'),
(157, 89, 222222, 1, 'hah@hsh.com', NULL, 0, 1661343486829, '2022-08-24 12:13:06', '2022-08-24 12:13:06'),
(158, 72, 111111, 1, 'minal1@mailinator.com', NULL, 0, 1661345249532, '2022-08-24 12:42:29', '2022-08-24 12:42:29'),
(159, 72, 111111, 1, 'minal1@mailinator.com', NULL, 0, 1661345258291, '2022-08-24 12:42:38', '2022-08-24 12:42:38'),
(160, 72, 111111, 1, 'minal1@mailinator.com', NULL, 0, 1661345320812, '2022-08-24 12:43:40', '2022-08-24 12:43:40'),
(161, 70, 111111, 1, 'minal@mailinator.com', NULL, 0, 1661345388991, '2022-08-24 12:44:48', '2022-08-24 12:44:48'),
(162, 70, 111111, 1, 'minal@mailinator.com', NULL, 0, 1661346485241, '2022-08-24 13:03:05', '2022-08-24 13:03:05'),
(163, 70, 111111, 1, 'minal@mailinator.com', NULL, 0, 1661346663462, '2022-08-24 13:06:03', '2022-08-24 13:06:03'),
(164, 90, 222222, 1, 'minal2@mailinator.com', NULL, 0, 1661346736422, '2022-08-24 13:07:16', '2022-08-24 13:07:16'),
(165, 90, 222222, 1, 'minal2@mailinator.com', NULL, 0, 1661346750574, '2022-08-24 13:07:30', '2022-08-24 13:07:30'),
(166, 90, 222222, 1, 'minal2@mailinator.com', NULL, 0, 1661346792693, '2022-08-24 13:08:12', '2022-08-24 13:08:12'),
(167, 91, 222222, 1, 'hahh@nan.com', NULL, 0, 1661346919342, '2022-08-24 13:10:19', '2022-08-24 13:10:19'),
(168, 92, 222222, 1, 'minal3@mailinator.com', NULL, 0, 1661347033936, '2022-08-24 13:12:13', '2022-08-24 13:12:13'),
(169, 51, 111111, 1, 'jsj@mail.com', NULL, 0, 1661429742132, '2022-08-25 12:10:42', '2022-08-25 12:11:01'),
(170, 94, 111111, 1, 'praveen@mailinator.com', NULL, 0, 1661508385965, '2022-08-26 10:01:25', '2022-08-26 10:01:25'),
(171, 95, 222222, 1, 'hh@gmail.com', NULL, 0, 1661512079386, '2022-08-26 11:02:59', '2022-08-26 11:02:59'),
(172, 96, 222222, 1, 'k@mailinator.com', NULL, 0, 1661512359806, '2022-08-26 11:07:39', '2022-08-26 11:07:39'),
(173, 97, 222222, 1, 'kalim@mailinator.com', NULL, 0, 1661512410529, '2022-08-26 11:08:30', '2022-08-26 11:08:30'),
(174, 97, 222222, 1, 'kalim@mailinator.com', NULL, 0, 1661512439318, '2022-08-26 11:08:59', '2022-08-26 11:08:59'),
(175, 98, 222222, 1, 'abhishek12@email.com', NULL, 0, 1661599854258, '2022-08-27 11:25:54', '2022-08-27 11:25:54'),
(176, 99, 222222, 1, 'abhishek112@email.com', NULL, 0, 1661613791676, '2022-08-27 15:18:11', '2022-08-27 15:18:11'),
(177, 100, 222222, 1, 'kajja@mail.com', NULL, 0, 1661838242599, '2022-08-30 05:39:02', '2022-08-30 05:39:02'),
(178, 102, 222222, 1, 'kak@hw.com', NULL, 0, 1661844674828, '2022-08-30 07:26:14', '2022-08-30 07:26:14'),
(179, 103, 222222, 1, 'jaj@hwh.com', NULL, 0, 1661845471567, '2022-08-30 07:39:31', '2022-08-30 07:39:31'),
(180, 51, 111111, 1, 'jsj@mail.com', NULL, 0, 1661853309981, '2022-08-30 09:50:09', '2022-08-30 09:50:34'),
(181, 110, 222222, 1, 'minalabcd@gmail.com', NULL, 0, 1661869255114, '2022-08-30 14:15:55', '2022-08-30 14:15:55'),
(182, 111, 222222, 1, 'df@gg.com', NULL, 0, 1661886200124, '2022-08-30 18:58:20', '2022-08-30 18:58:20'),
(183, 112, 222222, 1, 'pawan@email.com', NULL, 0, 1662189038196, '2022-09-03 07:05:38', '2022-09-03 07:05:38'),
(184, 112, 222222, 1, 'pawan@email.com', NULL, 0, 1662192446405, '2022-09-03 08:02:26', '2022-09-03 08:02:26'),
(185, 113, 222222, 1, 'pan@email.com', NULL, 0, 1662192457901, '2022-09-03 08:02:37', '2022-09-03 08:02:37'),
(186, 114, 222222, 1, 'bah@ha.com', NULL, 0, 1662192482331, '2022-09-03 08:03:02', '2022-09-03 08:03:02'),
(187, 115, 222222, 1, 'radhika@mailinator.com', NULL, 0, 1662203180418, '2022-09-03 11:01:20', '2022-09-03 11:01:20'),
(188, 116, 222222, 1, 'kaj@hah.com', NULL, 0, 1662369863482, '2022-09-05 09:19:23', '2022-09-05 09:19:23'),
(189, 117, 222222, 1, 'new@mail.com', NULL, 0, 1662446571611, '2022-09-06 06:37:51', '2022-09-06 06:37:51'),
(190, 118, 222222, 1, 'jah@hsh.com', NULL, 0, 1662447700853, '2022-09-06 06:56:40', '2022-09-06 06:56:40'),
(191, 118, 222222, 1, 'jah@hsh.com', NULL, 0, 1662447704848, '2022-09-06 06:56:44', '2022-09-06 06:56:44'),
(192, 119, 222222, 1, 'bba@vba.com', NULL, 0, 1662447758365, '2022-09-06 06:57:38', '2022-09-06 06:57:38'),
(193, 119, 222222, 1, 'bba@vba.com', NULL, 0, 1662447763084, '2022-09-06 06:57:43', '2022-09-06 06:57:43'),
(194, 120, 222222, 1, 'kuk@mail.com', NULL, 0, 1662448122923, '2022-09-06 07:03:42', '2022-09-06 07:03:42'),
(195, 121, 222222, 1, 'jwn@hw.com', NULL, 0, 1662448241131, '2022-09-06 07:05:41', '2022-09-06 07:05:41'),
(196, 122, 222222, 1, 'kak@hah.com', NULL, 0, 1662448398210, '2022-09-06 07:08:18', '2022-09-06 07:08:18'),
(197, 123, 222222, 1, 'new@gmail.com', NULL, 0, 1662452043231, '2022-09-06 08:09:03', '2022-09-06 08:09:03'),
(198, 124, 222222, 1, 'gga@hah.com', NULL, 0, 1662550785842, '2022-09-07 11:34:45', '2022-09-07 11:34:45'),
(199, 125, 222222, 1, 'kajja@mail.com', NULL, 0, 1662631592055, '2022-09-08 10:01:32', '2022-09-08 10:01:32'),
(200, 51, 111111, 1, 'jsj@mail.com', NULL, 0, 1662643261488, '2022-09-08 13:16:01', '2022-09-08 13:16:16'),
(201, 126, 222222, 1, 'paja@mail.com', NULL, 0, 1662643319803, '2022-09-08 13:16:59', '2022-09-08 13:16:59'),
(202, 127, 222222, 1, 'jaj@mail.com', NULL, 0, 1662643747694, '2022-09-08 13:24:07', '2022-09-08 13:24:07'),
(203, 128, 222222, 1, 'sourabhbhaisaire2@gmail.com', NULL, 0, 1662731703814, '2022-09-09 13:50:03', '2022-09-09 13:50:03'),
(204, 129, 222222, 1, 'kja@mail.com', NULL, 0, 1662815975104, '2022-09-10 13:14:35', '2022-09-10 13:14:35'),
(205, 130, 222222, 1, 'shabbir@mailinator.com', NULL, 0, 1662816062309, '2022-09-10 13:16:02', '2022-09-10 13:16:02'),
(206, 131, 222222, 1, 'ahha@bba.com', NULL, 0, 1662816278419, '2022-09-10 13:19:38', '2022-09-10 13:19:38'),
(207, 132, 222222, 1, 'ja@mail.com', NULL, 0, 1662816747942, '2022-09-10 13:27:27', '2022-09-10 13:27:27'),
(208, 133, 222222, 1, 'yash@hmail.com', NULL, 0, 1662817832376, '2022-09-10 13:45:32', '2022-09-10 13:45:32'),
(209, 134, 222222, 1, 'kaj@mail.com', NULL, 0, 1662817926224, '2022-09-10 13:47:06', '2022-09-10 13:47:06'),
(210, 135, 222222, 1, 'jah@mail.com', NULL, 0, 1662818033990, '2022-09-10 13:48:53', '2022-09-10 13:48:53'),
(211, 136, 222222, 1, 'bab@mail.com', NULL, 0, 1662818208622, '2022-09-10 13:51:48', '2022-09-10 13:51:48'),
(212, 137, 222222, 1, 'hah@mail.com', NULL, 0, 1662818392666, '2022-09-10 13:54:52', '2022-09-10 13:54:52'),
(213, 138, 222222, 1, 'habh@mail.com', NULL, 0, 1662818517523, '2022-09-10 13:56:57', '2022-09-10 13:56:57'),
(214, 139, 222222, 1, 'minal@gmail.com', NULL, 0, 1662818631046, '2022-09-10 13:58:51', '2022-09-10 13:58:51'),
(215, 141, 222222, 1, 'paaa@mail.com', NULL, 0, 1663244947764, '2022-09-15 12:24:07', '2022-09-15 12:24:07'),
(216, 141, 111111, 1, 'paaa@mail.com', NULL, 0, 1663244994175, '2022-09-15 12:24:54', '2022-09-15 12:25:14'),
(217, 142, 222222, 1, 'pa@mail.com', NULL, 0, 1663250818111, '2022-09-15 14:01:58', '2022-09-15 14:01:58'),
(218, 143, 222222, 1, 'paa@mail.com', NULL, 0, 1663250854396, '2022-09-15 14:02:34', '2022-09-15 14:02:34'),
(219, 144, 222222, 1, 'yug@mailinator.com', NULL, 0, 1663312820726, '2022-09-16 07:15:20', '2022-09-16 07:15:20'),
(220, 144, 222222, 1, 'yug@mailinator.com', NULL, 0, 1663312988916, '2022-09-16 07:18:08', '2022-09-16 07:18:08'),
(221, 144, 222222, 1, 'yug@mailinator.com', NULL, 0, 1663312990594, '2022-09-16 07:18:10', '2022-09-16 07:18:10'),
(222, 145, 222222, 1, 'niki@mailinator.com', NULL, 0, 1663321748924, '2022-09-16 09:44:08', '2022-09-16 09:44:08');

-- --------------------------------------------------------

--
-- Table structure for table `post_likes`
--

CREATE TABLE `post_likes` (
  `id` int(11) NOT NULL,
  `postId` int(11) DEFAULT NULL,
  `userId` int(11) DEFAULT NULL,
  `createdAt` datetime NOT NULL,
  `updatedAt` datetime NOT NULL
) ENGINE=InnoDB DEFAULT CHARSET=latin1;

--
-- Dumping data for table `post_likes`
--

INSERT INTO `post_likes` (`id`, `postId`, `userId`, `createdAt`, `updatedAt`) VALUES
(4, 1, 51, '2022-08-20 11:14:06', '2022-08-20 11:14:06'),
(7, 162, 51, '2022-08-20 11:25:13', '2022-08-20 11:25:13'),
(10, 210, 66, '2022-08-20 13:03:03', '2022-08-20 13:03:03'),
(11, 195, 88, '2022-08-24 11:13:55', '2022-08-24 11:13:55');

-- --------------------------------------------------------

--
-- Table structure for table `Quizzes`
--

CREATE TABLE `Quizzes` (
  `id` int(11) NOT NULL,
  `question` varchar(255) NOT NULL,
  `totalQuestion` int(11) NOT NULL DEFAULT '4',
  `createdAt` datetime NOT NULL,
  `updatedAt` datetime NOT NULL
) ENGINE=InnoDB DEFAULT CHARSET=latin1;

--
-- Dumping data for table `Quizzes`
--

INSERT INTO `Quizzes` (`id`, `question`, `totalQuestion`, `createdAt`, `updatedAt`) VALUES
(4, 'jdhfnads', 4, '2022-08-25 14:13:44', '2022-08-25 14:13:44'),
(5, 'What is test', 5, '2022-08-26 07:31:19', '2022-08-26 07:31:47'),
(16, 'Tedsfhj ', 4, '2022-08-30 13:29:35', '2022-08-30 13:30:43'),
(17, 'Wfgg dfdgre', 4, '2022-08-31 06:17:00', '2022-08-31 06:17:00'),
(18, 'JHVHV JHHNB UGHJ HJVHJ', 6, '2022-08-31 06:18:13', '2022-08-31 06:18:26');

-- --------------------------------------------------------

--
-- Table structure for table `quiz_attempts`
--

CREATE TABLE `quiz_attempts` (
  `id` int(11) NOT NULL,
  `userId` int(11) NOT NULL,
  `quizId` int(11) NOT NULL,
  `createdAt` datetime NOT NULL,
  `updatedAt` datetime NOT NULL
) ENGINE=InnoDB DEFAULT CHARSET=latin1;

-- --------------------------------------------------------

--
-- Table structure for table `read_articles`
--

CREATE TABLE `read_articles` (
  `id` int(11) NOT NULL,
  `articleId` int(11) DEFAULT NULL,
  `userId` int(11) DEFAULT NULL,
  `createdAt` datetime NOT NULL,
  `updatedAt` datetime NOT NULL
) ENGINE=InnoDB DEFAULT CHARSET=latin1;

--
-- Dumping data for table `read_articles`
--

INSERT INTO `read_articles` (`id`, `articleId`, `userId`, `createdAt`, `updatedAt`) VALUES
(1, 3, 51, '2022-08-23 10:51:55', '2022-08-23 10:51:55'),
(2, 162, 51, '2022-08-23 10:53:39', '2022-08-23 10:53:39'),
(3, 41, 51, '2022-08-23 11:18:24', '2022-08-23 11:18:24'),
(4, 1168, 73, '2022-08-23 11:19:56', '2022-08-23 11:19:56'),
(5, 162, 69, '2022-08-23 11:21:57', '2022-08-23 11:21:57'),
(6, 210, 69, '2022-08-23 11:22:13', '2022-08-23 11:22:13'),
(7, 162, 73, '2022-08-23 11:22:25', '2022-08-23 11:22:25'),
(8, 210, 73, '2022-08-23 11:22:31', '2022-08-23 11:22:31'),
(9, 194, 69, '2022-08-23 11:30:00', '2022-08-23 11:30:00'),
(10, 192, 69, '2022-08-23 15:38:45', '2022-08-23 15:38:45'),
(11, 280, 69, '2022-08-23 15:38:56', '2022-08-23 15:38:56'),
(12, 5, 51, '2022-08-24 06:24:01', '2022-08-24 06:24:01'),
(13, 954, 69, '2022-08-24 06:53:45', '2022-08-24 06:53:45'),
(14, 162, 85, '2022-08-24 10:35:49', '2022-08-24 10:35:49'),
(15, 954, 88, '2022-08-24 11:18:01', '2022-08-24 11:18:01'),
(16, 951, 72, '2022-08-24 12:00:27', '2022-08-24 12:00:27'),
(17, 210, 72, '2022-08-26 11:31:27', '2022-08-26 11:31:27'),
(18, 210, 51, '2022-08-27 07:34:59', '2022-08-27 07:34:59'),
(19, 162, 72, '2022-08-28 07:13:09', '2022-08-28 07:13:09'),
(20, 210, 70, '2022-08-28 18:57:04', '2022-08-28 18:57:04'),
(21, 162, 70, '2022-08-28 18:57:32', '2022-08-28 18:57:32'),
(22, 41, 70, '2022-08-29 13:54:29', '2022-08-29 13:54:29'),
(23, 1168, 70, '2022-08-29 13:54:38', '2022-08-29 13:54:38'),
(24, 194, 73, '2022-08-29 14:16:02', '2022-08-29 14:16:02'),
(25, 41, 73, '2022-08-29 14:21:30', '2022-08-29 14:21:30'),
(26, 951, 73, '2022-08-29 14:28:25', '2022-08-29 14:28:25'),
(27, 954, 73, '2022-08-29 14:28:42', '2022-08-29 14:28:42'),
(28, 194, 51, '2022-08-29 14:28:51', '2022-08-29 14:28:51'),
(29, 951, 51, '2022-08-29 14:28:55', '2022-08-29 14:28:55'),
(30, 1168, 51, '2022-08-29 14:28:56', '2022-08-29 14:28:56'),
(31, 192, 51, '2022-08-29 14:29:24', '2022-08-29 14:29:24'),
(32, 195, 51, '2022-08-29 14:29:26', '2022-08-29 14:29:26'),
(33, 1168, 85, '2022-08-29 15:24:28', '2022-08-29 15:24:28'),
(34, 195, 85, '2022-08-29 15:25:48', '2022-08-29 15:25:48'),
(35, 951, 70, '2022-08-30 06:06:15', '2022-08-30 06:06:15'),
(36, 194, 70, '2022-08-30 06:56:06', '2022-08-30 06:56:06'),
(37, 195, 70, '2022-08-30 06:56:08', '2022-08-30 06:56:08'),
(38, 192, 70, '2022-08-30 06:56:11', '2022-08-30 06:56:11'),
(39, 1, 70, '2022-08-30 06:56:15', '2022-08-30 06:56:15'),
(40, 1, 100, '2022-08-30 06:56:57', '2022-08-30 06:56:57'),
(41, 954, 70, '2022-08-30 06:57:41', '2022-08-30 06:57:41'),
(42, 162, 100, '2022-08-30 06:58:20', '2022-08-30 06:58:20'),
(43, 1168, 100, '2022-08-30 06:58:50', '2022-08-30 06:58:50'),
(44, 195, 107, '2022-08-30 12:09:08', '2022-08-30 12:09:08'),
(45, 1168, 107, '2022-08-30 12:09:26', '2022-08-30 12:09:26'),
(46, 194, 108, '2022-08-30 12:16:14', '2022-08-30 12:16:14'),
(47, 951, 108, '2022-08-30 12:16:28', '2022-08-30 12:16:28'),
(48, 954, 108, '2022-08-30 12:16:34', '2022-08-30 12:16:34'),
(49, 210, 108, '2022-08-30 12:16:39', '2022-08-30 12:16:39'),
(50, 41, 108, '2022-08-30 12:16:42', '2022-08-30 12:16:42'),
(51, 162, 108, '2022-08-30 12:16:44', '2022-08-30 12:16:44'),
(52, 951, 106, '2022-08-30 12:27:43', '2022-08-30 12:27:43'),
(53, 194, 106, '2022-08-30 12:28:45', '2022-08-30 12:28:45'),
(54, 954, 106, '2022-08-30 12:50:18', '2022-08-30 12:50:18'),
(55, 162, 110, '2022-08-30 14:16:38', '2022-08-30 14:16:38'),
(56, 183597, 51, '2022-09-01 10:19:18', '2022-09-01 10:19:18'),
(57, 183597, 106, '2022-09-01 12:01:08', '2022-09-01 12:01:08'),
(58, 162, 106, '2022-09-01 12:54:27', '2022-09-01 12:54:27'),
(59, 183597, 115, '2022-09-03 11:12:45', '2022-09-03 11:12:45'),
(60, 162, 115, '2022-09-03 11:19:13', '2022-09-03 11:19:13'),
(61, 183597, 116, '2022-09-05 10:24:21', '2022-09-05 10:24:21'),
(62, 162, 116, '2022-09-05 10:35:58', '2022-09-05 10:35:58'),
(63, 183597, 117, '2022-09-06 06:45:52', '2022-09-06 06:45:52'),
(64, 162, 123, '2022-09-06 08:09:45', '2022-09-06 08:09:45'),
(65, 183597, 123, '2022-09-06 09:41:46', '2022-09-06 09:41:46'),
(66, 178233, 123, '2022-09-06 10:58:36', '2022-09-06 10:58:36'),
(67, 186493, 124, '2022-09-07 11:49:04', '2022-09-07 11:49:04'),
(68, 185652, 124, '2022-09-07 11:52:23', '2022-09-07 11:52:23'),
(69, 186325, 124, '2022-09-08 09:37:55', '2022-09-08 09:37:55'),
(70, 186487, 124, '2022-09-08 09:38:17', '2022-09-08 09:38:17'),
(71, 186487, 125, '2022-09-08 10:04:38', '2022-09-08 10:04:38'),
(72, 186493, 125, '2022-09-08 10:04:40', '2022-09-08 10:04:40'),
(73, 186251, 125, '2022-09-08 11:07:03', '2022-09-08 11:07:03'),
(74, 186126, 125, '2022-09-08 11:07:08', '2022-09-08 11:07:08'),
(75, 186475, 125, '2022-09-08 12:21:26', '2022-09-08 12:21:26'),
(76, 185822, 126, '2022-09-08 13:36:08', '2022-09-08 13:36:08'),
(77, 186487, 127, '2022-09-08 13:41:40', '2022-09-08 13:41:40'),
(78, 186493, 127, '2022-09-08 16:41:45', '2022-09-08 16:41:45'),
(79, 186493, 128, '2022-09-09 13:51:23', '2022-09-09 13:51:23'),
(80, 186126, 128, '2022-09-09 14:01:55', '2022-09-09 14:01:55'),
(81, 186493, 133, '2022-09-10 14:03:14', '2022-09-10 14:03:14'),
(82, 186475, 127, '2022-09-12 06:03:35', '2022-09-12 06:03:35'),
(83, 186493, 140, '2022-09-15 11:24:17', '2022-09-15 11:24:17'),
(84, 185652, 140, '2022-09-15 11:25:01', '2022-09-15 11:25:01'),
(85, 185472, 140, '2022-09-15 11:25:16', '2022-09-15 11:25:16'),
(86, 186251, 140, '2022-09-15 11:31:59', '2022-09-15 11:31:59'),
(87, 186325, 140, '2022-09-15 11:34:11', '2022-09-15 11:34:11'),
(88, 186102, 140, '2022-09-15 11:36:51', '2022-09-15 11:36:51'),
(89, 186126, 140, '2022-09-15 11:47:01', '2022-09-15 11:47:01'),
(90, 186493, 141, '2022-09-15 12:44:08', '2022-09-15 12:44:08'),
(91, 186251, 127, '2022-09-16 06:01:35', '2022-09-16 06:01:35'),
(92, 186493, 142, '2022-09-16 06:01:44', '2022-09-16 06:01:44'),
(93, 186126, 127, '2022-09-16 06:02:12', '2022-09-16 06:02:12'),
(94, 186102, 127, '2022-09-16 06:05:28', '2022-09-16 06:05:28'),
(95, 186487, 144, '2022-09-16 08:06:30', '2022-09-16 08:06:30'),
(96, 186475, 144, '2022-09-16 08:06:40', '2022-09-16 08:06:40'),
(97, 186251, 144, '2022-09-16 08:06:47', '2022-09-16 08:06:47'),
(98, 186325, 127, '2022-09-16 08:44:51', '2022-09-16 08:44:51'),
(99, 186493, 144, '2022-09-16 09:12:05', '2022-09-16 09:12:05');

-- --------------------------------------------------------

--
-- Table structure for table `Replies`
--

CREATE TABLE `Replies` (
  `id` int(11) NOT NULL,
  `userId` int(11) DEFAULT NULL,
  `commentId` int(11) DEFAULT NULL,
  `content` varchar(255) DEFAULT NULL,
  `createdAt` datetime NOT NULL,
  `updatedAt` datetime NOT NULL
) ENGINE=InnoDB DEFAULT CHARSET=latin1;

--
-- Dumping data for table `Replies`
--

INSERT INTO `Replies` (`id`, `userId`, `commentId`, `content`, `createdAt`, `updatedAt`) VALUES
(37, 106, 69, 'jsbsjsb', '2022-09-01 12:29:23', '2022-09-01 12:29:23'),
(38, 127, 71, 'bh', '2022-09-08 14:15:34', '2022-09-08 14:15:34');

-- --------------------------------------------------------

--
-- Table structure for table `SequelizeMeta`
--

CREATE TABLE `SequelizeMeta` (
  `name` varchar(255) COLLATE utf8_unicode_ci NOT NULL
) ENGINE=InnoDB DEFAULT CHARSET=utf8 COLLATE=utf8_unicode_ci;

--
-- Dumping data for table `SequelizeMeta`
--

INSERT INTO `SequelizeMeta` (`name`) VALUES
('20220707061409-create-admin.js'),
('20220707061737-create-user.js'),
('20220715135555-create-feedback.js'),
('20220716134220-create-otp.js'),
('20220719124709-create-quiz.js'),
('20220720063352-create-quiz-attempted.js'),
('20220720091737-create-option.js'),
('20220723074857-create-user-tags.js'),
('20220726123434-create-ad.js'),
('20220812091337-create-notification.js'),
('20220813045717-create-notification-tag.js'),
('20220817092149-create-comment.js'),
('20220817092241-create-reply.js'),
('20220817113051-create-post-like.js'),
('20220817113113-create-comment-like.js'),
('20220819114519-create-read-article.js');

-- --------------------------------------------------------

--
-- Table structure for table `Users`
--

CREATE TABLE `Users` (
  `id` int(11) NOT NULL,
  `name` varchar(255) NOT NULL,
  `email` varchar(255) DEFAULT NULL,
  `mobile` bigint(20) DEFAULT NULL,
  `password` varchar(255) DEFAULT NULL,
  `confirm_password` varchar(255) DEFAULT NULL,
  `dob` datetime DEFAULT NULL,
  `gender` int(11) DEFAULT NULL COMMENT '0:Male, 1:Female',
  `status` int(11) NOT NULL DEFAULT '0' COMMENT '0:Deleted,1:Active,2:Inactive,3:Unverified,',
  `reset_token` varchar(255) DEFAULT NULL,
  `fcm_token` varchar(255) DEFAULT NULL,
  `social_login_id` varchar(255) DEFAULT NULL,
  `social_login_type` int(11) DEFAULT NULL COMMENT '1:google,2:facebook',
  `image` varchar(255) DEFAULT NULL,
  `createdAt` datetime NOT NULL,
  `updatedAt` datetime NOT NULL
) ENGINE=InnoDB DEFAULT CHARSET=latin1;

--
-- Dumping data for table `Users`
--

INSERT INTO `Users` (`id`, `name`, `email`, `mobile`, `password`, `confirm_password`, `dob`, `gender`, `status`, `reset_token`, `fcm_token`, `social_login_id`, `social_login_type`, `image`, `createdAt`, `updatedAt`) VALUES
(45, 'murtuza', 'murtuza1@gmail.com', NULL, '$2a$10$LhQ0BIHxxaqD39Re6pwtPOt1t7wE26umj41jIBx3rIwUa8VXsAK9C', NULL, NULL, NULL, 0, 'eyJhbGciOiJIUzUxMiIsInR5cCI6IkpXVCJ9.eyJleHAiOjE2NjEzMjg4MDcsImlkIjo0NSwiZW1haWwiOiJtdXJ0dXphQGdtYWlsLmNvbSIsImlhdCI6MTY2MDcyNDAwN30.DjER1PYeq3tlf1I7CFCdna2sjFnfyF8oxnTniGNwJimNmiDExpZ-y9M1vGT8S5f2IHlccp0YGHjBwq15b7xE5g', NULL, NULL, NULL, NULL, '2022-08-17 08:13:27', '2022-09-01 13:07:11'),
(47, 'rahul', 'rahul@gmail.com', NULL, '$2a$10$326QPHwEgyFreINKwNZTwuVBI/jrQjgp.ZWI0wpe0TgOUn21uXVpK', NULL, NULL, NULL, 1, 'eyJhbGciOiJIUzUxMiIsInR5cCI6IkpXVCJ9.eyJleHAiOjE2NjEzMzQxNTQsImlkIjo0NywiZW1haWwiOiJyYWh1bEBtYS5jb20iLCJpYXQiOjE2NjA3MjkzNTR9.uJKACfIq2V2L9yzkcXBiMmfQYr7-qx_Hi8-M_-roevN51SDR3-ml2Rq3NKvZpqUViL-ACrDbiOMs2mtk8I-rPA', NULL, NULL, NULL, NULL, '2022-08-17 09:42:34', '2022-08-17 09:58:20'),
(48, 'abhishek', 'abhedk@email.com', NULL, '$2a$10$OVnuRa1jPiWsdf5WnOt4Uu8jDTpvBC56q1mDd6Fy/tPyS6rF57bje', NULL, NULL, NULL, 3, 'eyJhbGciOiJIUzUxMiIsInR5cCI6IkpXVCJ9.eyJleHAiOjE2NjEzMzY1MjAsImlkIjo0OCwiZW1haWwiOiJhYmhlZGtAZW1haWwuY29tIiwiaWF0IjoxNjYwNzMxNzIwfQ.CTcExOJkZ-Jlk10xD0nknwqFsPztipI8sQ-e-a1OkHSSb3xzqR-JmHtploq7LSAyO7Nkl21QiHtVUQUJOXTCwA', NULL, NULL, NULL, NULL, '2022-08-17 10:22:00', '2022-08-17 10:22:00'),
(50, 'Abhishek', 'abhishek@email.com', NULL, '$2a$10$TLV2QYiu3BOdGfIwPUiczewOKA05ALq.rm77cJYEEKUh6QZGdQLCe', NULL, NULL, NULL, 1, 'eyJhbGciOiJIUzUxMiIsInR5cCI6IkpXVCJ9.eyJleHAiOjE2NjEzMzkwOTEsImlkIjo1MCwiZW1haWwiOiJhYmhpc2hla0BlbWFpbC5jb20iLCJpYXQiOjE2NjA3MzQyOTF9.00TLs7UoDh8yHof3DAnvjqyXotgsc_81C6pBWbB545cg9KUQ_2s2U9KZqPdyYs3l-9VicI7dS_EGRJOjIxlJBA', NULL, NULL, NULL, NULL, '2022-08-17 10:55:35', '2022-08-17 11:04:51'),
(51, 'pankaj', 'jsj@mail.com', 7522222222, '$2a$10$ZZZETqeN9AKpAxzf.D/YOuKyRfQGZwS4Qo.EhBTFIqDj1FidjfI0u', NULL, '2000-11-10 00:00:00', 1, 1, 'eyJhbGciOiJIUzUxMiIsInR5cCI6IkpXVCJ9.eyJleHAiOjE2NjM4NDk0MDQsImlkIjo1MSwiZW1haWwiOiJqc2pAbWFpbC5jb20iLCJpYXQiOjE2NjMyNDQ2MDR9.a64xa0azspfBuMgly6D0wy6ym9sbTvmW61lvnLqbk1TYT5Z4lKihm1M-j1sW3pTIlS2bTes8qTVtTZbzBP1WNA', NULL, NULL, NULL, NULL, '2022-08-17 11:02:10', '2022-09-15 12:23:24'),
(52, 'tvtalk', 'tvtalk@orkut.com', NULL, '$2a$10$tX0g9DdunzvMtuowILKg4uK2mlMhC9UsvpN4t/2FqYWbBQRAy9HnG', NULL, NULL, NULL, 1, 'eyJhbGciOiJIUzUxMiIsInR5cCI6IkpXVCJ9.eyJleHAiOjE2NjEzNDE3ODksImlkIjo1MiwiZW1haWwiOiJ0dnRhbGtAb3JrdXQuY29tIiwiaWF0IjoxNjYwNzM2OTg5fQ.fZV4mTuqNkHJcSXN73vB-Ow2HfnBv7IVcdNTM4EYuqG1Gj4Ht-mqY3hx-rhE-hwe9KPjF6jN2tY8MaG54FYC1g', NULL, NULL, NULL, NULL, '2022-08-17 11:49:49', '2022-08-17 11:49:59'),
(53, 'okaj', 'jah@ha.com', NULL, '$2a$10$8tvnAVrQrcnVANqhmzSKGunepVlthu96MdOPmYTvF7U92650d2dau', NULL, NULL, NULL, 0, 'eyJhbGciOiJIUzUxMiIsInR5cCI6IkpXVCJ9.eyJleHAiOjE2NjEzNDMxMTIsImlkIjo1MywiZW1haWwiOiJqYWhAaGEuY29tIiwiaWF0IjoxNjYwNzM4MzEyfQ.IW-7yg2NtkxWIxA7nkngkw7C2D5Ii8rFdsjZrESCssxSEpwBWRcUYClZLYYASWkCp0cCJORsZD0wfcDyFEU7XQ', NULL, NULL, NULL, NULL, '2022-08-17 12:11:52', '2022-08-26 09:36:17'),
(54, 'abhishek', 'abhishek@email.in', NULL, '$2a$10$maYPkpaKGpKBDBH5En.Q3uJE9GechMysq0MoGDI0F1K4A98yiKhim', NULL, NULL, NULL, 2, 'eyJhbGciOiJIUzUxMiIsInR5cCI6IkpXVCJ9.eyJleHAiOjE2NjE0MjU5MDUsImlkIjo1NCwiZW1haWwiOiJhYmhpc2hla0BlbWFpbC5pbiIsImlhdCI6MTY2MDgyMTEwNX0.PKfAgMpmkIsEl5XWVxo5wml5PDXlzsyd9yyae-u-Culeo0ghjqtKVW9pS8xKlh6d7-CN4URJrpWiKJFyiYVrvw', NULL, NULL, NULL, NULL, '2022-08-18 11:11:45', '2022-08-26 09:58:17'),
(55, 'abhishek', 'abhishek4@email.in', NULL, '$2a$10$ojZ/P4qbEO058aPXuq/HY.uLB3elWWZIR3E26MsaScWHjRx5RCFwm', NULL, NULL, NULL, 0, 'eyJhbGciOiJIUzUxMiIsInR5cCI6IkpXVCJ9.eyJleHAiOjE2NjE0OTQzNjgsImlkIjo1NSwiZW1haWwiOiJhYmhpc2hlazRAZW1haWwuaW4iLCJpYXQiOjE2NjA4ODk1Njh9.YIFOuOANYMWoTFYWjKkKpgJmyi0t5FKFFRDEKKwYIXMjO_graplGqr69bplsOwm8ctopJ5KlSdU73uRKRaKBFg', NULL, NULL, NULL, NULL, '2022-08-19 06:12:48', '2022-08-31 07:29:55'),
(58, 'abhishek', 'abhishek4@email.com', NULL, '$2a$10$0Kjyy5OqUB2wiCj6E57pAu.6zNVufRQuy6zvDg89nzVVhb5KS6MfW', NULL, NULL, NULL, 1, 'eyJhbGciOiJIUzUxMiIsInR5cCI6IkpXVCJ9.eyJleHAiOjE2NjE1MTc5ODgsImlkIjo1OCwiZW1haWwiOiJhYmhpc2hlazRAZW1haWwuY29tIiwiaWF0IjoxNjYwOTEzMTg4fQ.CKKDE3UgALN6ElsbACSTZnND_KcVScj818KBBu_FuUmdkliPBYWm3x7MvrbI0yl227euD_4ajbjZr9-Rk8-tjA', NULL, NULL, NULL, NULL, '2022-08-19 12:46:28', '2022-08-19 12:46:50'),
(59, 'rahul singh', 'paw@mail.com', NULL, '$2a$10$kPHSuD2QiI1sa/lV3xyMo.egirR9HuxSsr/7ieM6FGLlDvGa/XVwG', NULL, NULL, NULL, 1, 'eyJhbGciOiJIUzUxMiIsInR5cCI6IkpXVCJ9.eyJleHAiOjE2NjE1OTM5MjYsImlkIjo1OSwiZW1haWwiOiJwYXdAbWFpbC5jb20iLCJpYXQiOjE2NjA5ODkxMjZ9.R6JipzuYiSjafQT7qQrw6mxQYKOWnvQTOwpii-UmgXiboui2vvMB9JQXsFsgmL5bB3cWwft3yGe8JrLrozuJcQ', NULL, NULL, NULL, NULL, '2022-08-20 09:52:06', '2022-08-20 09:52:11'),
(60, 'hhaha', 'hah@hw.com', NULL, '$2a$10$.Vx3eHF0QUTQTD.M9VKQj.KrViN7y54j8rGwirBZJPG0zd0WdSFtO', NULL, NULL, NULL, 1, 'eyJhbGciOiJIUzUxMiIsInR5cCI6IkpXVCJ9.eyJleHAiOjE2NjE1OTc5ODYsImlkIjo2MCwiZW1haWwiOiJoYWhAaHcuY29tIiwiaWF0IjoxNjYwOTkzMTg2fQ.BehsZ9xL6vHaPYs4hRW7Ozbma72qzLJZtl5VC9cYcMqCK2ZBSLharmitewBLLuJKO_PYFT86-asi5Xg_hxVCOA', NULL, NULL, NULL, NULL, '2022-08-20 10:59:46', '2022-08-20 10:59:50'),
(61, 'pkaja', 'jja@bsh.com', NULL, '$2a$10$YyCqedX5JDCCorelcM4cOuxl6tXCKbnMMg1cgp5s84Ev5CUTF81vu', NULL, NULL, NULL, 1, 'eyJhbGciOiJIUzUxMiIsInR5cCI6IkpXVCJ9.eyJleHAiOjE2NjE1OTgwNTksImlkIjo2MSwiZW1haWwiOiJqamFAYnNoLmNvbSIsImlhdCI6MTY2MDk5MzI1OX0.Ibhylmiroy-PvpuTyuPsu3HJaMDvZqfCUvwq9C_duPAJla9h0mgFFtZIf8QWxq5wBjaZdk-3_4cKtL957HfEjg', NULL, NULL, NULL, NULL, '2022-08-20 11:00:59', '2022-08-20 11:01:02'),
(62, 'jjaha', 'hag@ha.com', NULL, '$2a$10$EAteThlb3MIBoKyeWh8yeOR0dfj2b2uyFRUdCzbRh5QvrBNsSQs16', NULL, NULL, NULL, 1, 'eyJhbGciOiJIUzUxMiIsInR5cCI6IkpXVCJ9.eyJleHAiOjE2NjE1OTgxMzcsImlkIjo2MiwiZW1haWwiOiJoYWdAaGEuY29tIiwiaWF0IjoxNjYwOTkzMzM3fQ.K0AH9-g7vbfpdqP7M9-qMNlFPmq2w8RZtIB7LXfcd8TrDzOe9JDvl-AhcNRWTqCDzOoSW3XNeB5hSVMWMZ5xkw', NULL, NULL, NULL, NULL, '2022-08-20 11:02:17', '2022-08-20 11:02:21'),
(63, 'kajj', 'hay@hhw.com', NULL, '$2a$10$8H0jg9m/VuZSO/icLv7V8uidW9ye6WvGhniLcwdy7O9dBJCMuqm4a', NULL, NULL, NULL, 1, 'eyJhbGciOiJIUzUxMiIsInR5cCI6IkpXVCJ9.eyJleHAiOjE2NjE1OTgxODYsImlkIjo2MywiZW1haWwiOiJoYXlAaGh3LmNvbSIsImlhdCI6MTY2MDk5MzM4Nn0.phlkxIQeD64Cq7VhwRzMNm5nDqTi_jpByRVYInfo8eHk6IHTkKpHt3tICWFhwYpQJnm7GPJ4TtQp6i9vqgyTDw', NULL, NULL, NULL, NULL, '2022-08-20 11:03:06', '2022-08-20 11:03:10'),
(64, 'jaj', 'gah@hwh.com', NULL, '$2a$10$oUk4ZBgPyosFEn1/54un/usifW0a2ktllQ9GyX8Et1gt/EwpDKT8.', NULL, NULL, NULL, 1, 'eyJhbGciOiJIUzUxMiIsInR5cCI6IkpXVCJ9.eyJleHAiOjE2NjE1OTgzMDgsImlkIjo2NCwiZW1haWwiOiJnYWhAaHdoLmNvbSIsImlhdCI6MTY2MDk5MzUwOH0.XZUmHIljqtdwCsHjLMWBUJMZLhC8e5N6X3t2Oi9KcEzI0h9OyTrBYSwi8sCUAYtb3QzyPyzAu1itANDnF7RArg', NULL, NULL, NULL, NULL, '2022-08-20 11:05:08', '2022-08-20 11:05:13'),
(65, 'jja', 'hah@jw.com', NULL, '$2a$10$Fu6ATNFIolRYGsYGjpHhgeRAuv2X/l0fPA2xHcOCxR2BZPnFNdswO', NULL, NULL, NULL, 1, 'eyJhbGciOiJIUzUxMiIsInR5cCI6IkpXVCJ9.eyJleHAiOjE2NjE1OTg1MzcsImlkIjo2NSwiZW1haWwiOiJoYWhAancuY29tIiwiaWF0IjoxNjYwOTkzNzM3fQ.H-2WI_v6g7N2vPfxNBnJVyp4mRj_xy5bud5-b9wWwG_xVKGaY-DLs-2WSNzy-rkcP3nz3VBgJBh_R-vVUN56zA', NULL, NULL, NULL, NULL, '2022-08-20 11:08:57', '2022-08-20 11:09:01'),
(66, 'sajhwa', 'ha@gag.com', NULL, '$2a$10$azRNpXBgI44unJYa4i/zh.zoojUCrJBbuI9IR8n08KVj4jfvWr5.2', NULL, NULL, NULL, 1, 'eyJhbGciOiJIUzUxMiIsInR5cCI6IkpXVCJ9.eyJleHAiOjE2NjE2MDMwNjgsImlkIjo2NiwiZW1haWwiOiJoYUBnYWcuY29tIiwiaWF0IjoxNjYwOTk4MjY4fQ.qVEI6a8snRomc1sbKsiciEpieJQlSr-l2Pas4sRwTpppiaY0_YZhnMuchLoy8JUE61AZ7ewn3vkVUGUPqmx4yg', NULL, NULL, NULL, NULL, '2022-08-20 12:24:28', '2022-08-20 12:24:31'),
(67, 'pajq', 'kkk@mail.com', NULL, '$2a$10$FMxlpbAX4hx/uGUwbeqSgu0nswTcjZORVbtD7X0BioF4tyLLiu85W', NULL, NULL, NULL, 1, 'eyJhbGciOiJIUzUxMiIsInR5cCI6IkpXVCJ9.eyJleHAiOjE2NjE4NDM0NDIsImlkIjo2NywiZW1haWwiOiJra2tAbWFpbC5jb20iLCJpYXQiOjE2NjEyMzg2NDJ9.NmkJVupCCFmgh02DzQlwIzvYPeCB3OBTXuBYIy6iWEoG0eunxIfqUGu9bv27mCcVYS3DIIbWdid-1zRCPhbnQQ', NULL, NULL, NULL, NULL, '2022-08-23 07:10:42', '2022-08-23 07:10:48'),
(70, 'Minal test', 'minal@mailinator.com', 9928827655, '$2a$10$f.gdJRDOrXzqYD4z3LNIv.N/TKKToq40yTxVeCfXFnkmazEKJHDpK', NULL, '2000-01-01 00:00:00', 1, 1, 'eyJhbGciOiJIUzUxMiIsInR5cCI6IkpXVCJ9.eyJleHAiOjE2NjI4MDczMjQsImlkIjo3MCwiZW1haWwiOiJtaW5hbEBtYWlsaW5hdG9yLmNvbSIsImlhdCI6MTY2MjIwMjUyNH0.M_j7FJaG2PaExePmgX4L8g6EeD1Eu_L_2DrN6BHoUn9EtsNlG8A2w9Sh-bjpMPlgpC0izOUaATPP5evmQeZGbQ', NULL, NULL, NULL, NULL, '2022-08-23 09:12:18', '2022-09-03 10:55:24'),
(72, 'Minal1', 'minal1@mailinator.com', NULL, '$2a$10$/6aatW9nzAclULSsZ2FYzekWxyIkxjJJtkfiUGcO5KBnis5QexZWO', NULL, NULL, NULL, 1, 'eyJhbGciOiJIUzUxMiIsInR5cCI6IkpXVCJ9.eyJleHAiOjE2NjIzMTY3ODMsImlkIjo3MiwiZW1haWwiOiJtaW5hbDFAbWFpbGluYXRvci5jb20iLCJpYXQiOjE2NjE3MTE5ODN9.h4ZbVTH23cEZGxdfAAc7zZ0R0DnRht70Mz9MVztFQcPHlY0b5Ousv1Le73fR6HhFEldyvxtcCi08nCVMCHE6EA', NULL, NULL, NULL, NULL, '2022-08-23 10:28:00', '2022-08-28 18:39:43'),
(74, 'hah', 'ha@hs.com', NULL, '$2a$10$EN5R1.BRh6mDjWrUJ2/C5OmyAkMYQEMbRitCtVgxUSsvl.udiqTXW', NULL, NULL, NULL, 3, 'eyJhbGciOiJIUzUxMiIsInR5cCI6IkpXVCJ9.eyJleHAiOjE2NjE4NjE5OTIsImlkIjo3NCwiZW1haWwiOiJoYUBocy5jb20iLCJpYXQiOjE2NjEyNTcxOTJ9.1syWDGaA7Uk7gb3H0FVDu2NE4bMioJIhL2qnzUOLz2ibzW5issQqJpVaw2jJGuy7ZtvfwabzAtqcVOjpQk5ekA', NULL, NULL, NULL, NULL, '2022-08-23 12:19:52', '2022-08-23 12:19:52'),
(75, 'hha', 'ga@bs.com', NULL, '$2a$10$wIZA79l8frGnkHSn8FyFIeUZE/6YL7hDk0GJHyj.E1Gd3MwouiXEW', NULL, NULL, NULL, 3, 'eyJhbGciOiJIUzUxMiIsInR5cCI6IkpXVCJ9.eyJleHAiOjE2NjE4NjIzODEsImlkIjo3NSwiZW1haWwiOiJnYUBicy5jb20iLCJpYXQiOjE2NjEyNTc1ODF9.HSzmaMC1oNIdYRDL4vbE0sPdfgdjGDVr2Y70ORZwFIL1wvRiMfPO_tmf1JtTGBtTgRhkm_ztpl1RyI3MT6mBOA', NULL, NULL, NULL, NULL, '2022-08-23 12:26:21', '2022-08-23 12:26:21'),
(76, 'bab', 'gaa@hw.com', NULL, '$2a$10$.ksOoVkDsvnB6.tWFv.Yle7XGg2aUjYianZHN.OTWbPPsD10ASDKS', NULL, NULL, NULL, 1, 'eyJhbGciOiJIUzUxMiIsInR5cCI6IkpXVCJ9.eyJleHAiOjE2NjE4NjI0OTAsImlkIjo3NiwiZW1haWwiOiJnYWFAaHcuY29tIiwiaWF0IjoxNjYxMjU3NjkwfQ.ol-rXhFfZ2bpLUEavQcWunPudTu0OUr7wyiNhnIX_qN3JRsAIg5jbVys_RtC8_ku5CoWREmX9NJWb9QpAzCHaQ', NULL, NULL, NULL, NULL, '2022-08-23 12:28:10', '2022-08-25 14:17:57'),
(77, 'nja', 'ha@hah.com', NULL, '$2a$10$MrpLr5y5aZIBglzrz0AkGu69jfDlQqHgCF0eDyDyjWgQ6GM/yBuLe', NULL, NULL, NULL, 1, 'eyJhbGciOiJIUzUxMiIsInR5cCI6IkpXVCJ9.eyJleHAiOjE2NjE4NjI1NzksImlkIjo3NywiZW1haWwiOiJoYUBoYWguY29tIiwiaWF0IjoxNjYxMjU3Nzc5fQ.l0ivRnjGbMDy6kdgTfpV6LSzH1_ha9zINWURNXKvBW_dweIeZH79PptiHwUd_j3xm0_kDliMUu9ZvjEdwCvJeQ', NULL, NULL, NULL, NULL, '2022-08-23 12:29:39', '2022-08-23 12:30:19'),
(80, 'jajj', 'kaj@jw.com', NULL, '$2a$10$iHPWWCQ5fipT4EMR5EL3FOUwnGaZf1.kvW/ZJoSm5CyeDXagLttaK', NULL, NULL, NULL, 3, 'eyJhbGciOiJIUzUxMiIsInR5cCI6IkpXVCJ9.eyJleHAiOjE2NjE5MzEwNzIsImlkIjo4MCwiZW1haWwiOiJrYWpAancuY29tIiwiaWF0IjoxNjYxMzI2MjcyfQ.l4vty-GwNR5WsaSue7jd5uPkLQVLWIVLXLgBukxJAGIFDJxoiyAasTesTvAxBI8kz6EmWAtwMs4BMd2nSN2LjQ', NULL, NULL, NULL, NULL, '2022-08-24 07:31:12', '2022-08-24 07:31:12'),
(81, 'jsd', 'rdd@gg.com', NULL, '$2a$10$dTXVi9sQXhKBA18fohHYHOSsFZ2cRFXPRO076UrtmlM0mqeWnuqCi', NULL, NULL, NULL, 3, 'eyJhbGciOiJIUzUxMiIsInR5cCI6IkpXVCJ9.eyJleHAiOjE2NjE5MzE2ODMsImlkIjo4MSwiZW1haWwiOiJyZGRAZ2cuY29tIiwiaWF0IjoxNjYxMzI2ODgzfQ.rCHH8DT4AyXP2mtdRGQVhhc3YPxn4KVAGoCKtMik4QcooeyvMnwQfTD_j5BORlEQ8ZqR1QmW8wbNDw0aRQas5w', NULL, NULL, NULL, NULL, '2022-08-24 07:41:23', '2022-08-24 07:41:23'),
(82, 'ghf', 'vgg@hu.com', NULL, '$2a$10$Rku3H2WIJwddfmbrFX.uX.GnUhu9zZXagwnKe3QgheD.HVfbr2r7W', NULL, NULL, NULL, 3, 'eyJhbGciOiJIUzUxMiIsInR5cCI6IkpXVCJ9.eyJleHAiOjE2NjE5MzE4NTIsImlkIjo4MiwiZW1haWwiOiJ2Z2dAaHUuY29tIiwiaWF0IjoxNjYxMzI3MDUyfQ.QIWp0Z3wtq-kuwt8Okf2SQlmftmIJBX0B-hfxq1zaa6ZLH70Y1rZ0Y5-d7tcJrzu8CBUhjNVJ7rlbL3-tndkdw', NULL, NULL, NULL, NULL, '2022-08-24 07:44:12', '2022-08-24 07:44:12'),
(83, 'jaja', 'hah@hs.com', NULL, '$2a$10$k737didcZ.Kl.YDSDROZ5OEQNaqbG30R.INAg0XthMJh/ZSVJxpfS', NULL, NULL, NULL, 3, 'eyJhbGciOiJIUzUxMiIsInR5cCI6IkpXVCJ9.eyJleHAiOjE2NjE5MzIxMjYsImlkIjo4MywiZW1haWwiOiJoYWhAaHMuY29tIiwiaWF0IjoxNjYxMzI3MzI2fQ.wtUyuykSe0BNybOtuIqxj9BYAJZ2oih0lOEAfWk__BY62FNEhtnXWpo1XktttwOSQJXnns-ZNb73CAwPaFbR9Q', NULL, NULL, NULL, NULL, '2022-08-24 07:48:46', '2022-08-24 07:48:46'),
(84, 'jah', 'ga@hw.com', NULL, '$2a$10$1iC193ct/e2IDcOwSkHnJeHVrUm4z5j8/c1rk/ILQ8AOk31TEgxE.', NULL, NULL, NULL, 1, 'eyJhbGciOiJIUzUxMiIsInR5cCI6IkpXVCJ9.eyJleHAiOjE2NjE5MzIxNjAsImlkIjo4NCwiZW1haWwiOiJnYUBody5jb20iLCJpYXQiOjE2NjEzMjczNjB9.ikjL7khBfCyBGkAfM23Pilvvd4jY4zr2IZuI3gISL6zOpkHjNC9QNWFvnbpwhijTtaqJYZznUGS9Fqrbz2z6cA', NULL, NULL, NULL, NULL, '2022-08-24 07:49:20', '2022-08-24 07:49:24'),
(86, 'alex', 'warlordtizen@gmail.com', NULL, '$2a$10$Eq/ycp5dvgpPveEBk1M9l.uSqOsVpkXvHSMSZ73BhUDpPxbrBmxfW', NULL, NULL, NULL, 3, 'eyJhbGciOiJIUzUxMiIsInR5cCI6IkpXVCJ9.eyJleHAiOjE2NjE5NDMzNzEsImlkIjo4NiwiZW1haWwiOiJ3YXJsb3JkdGl6ZW5AZ21haWwuY29tIiwiaWF0IjoxNjYxMzM4NTcxfQ.QGDeKoCsJ9wPSdyMssZL0aqmp-FiDaCp4E0rVe3NSxbGZ_fvIP7V9KnEN7sZ6KmIp_cbsR67qyr_QYSjIiV9aw', NULL, NULL, NULL, NULL, '2022-08-24 10:56:11', '2022-08-24 10:56:11'),
(89, 'haha', 'hah@hsh.com', NULL, '$2a$10$8OQWQD/29Y3fGRIAMujAtOYS0Rt08pTLJpX3CSC29bVWoeQBxzoXy', NULL, NULL, NULL, 1, 'eyJhbGciOiJIUzUxMiIsInR5cCI6IkpXVCJ9.eyJleHAiOjE2NjE5NDc5ODYsImlkIjo4OSwiZW1haWwiOiJoYWhAaHNoLmNvbSIsImlhdCI6MTY2MTM0MzE4Nn0.1SNOjrcrgWDrweUTvfCqioU_stAwXH8YpFNEbOWZF-XI76Es7ysclTVIrkH0WI9ITloP9Fux3mLxtsVbKGi4vA', NULL, NULL, NULL, NULL, '2022-08-24 12:13:06', '2022-08-24 12:13:10'),
(90, 'Minal2', 'minal2@mailinator.com', NULL, '$2a$10$tNTL/MgI3QlN3Xl/HTJnz.JjtYhYbKEl/2jMWP7sK4eZVQ0zyOUS6', NULL, NULL, NULL, 1, 'eyJhbGciOiJIUzUxMiIsInR5cCI6IkpXVCJ9.eyJleHAiOjE2NjE5NTE0OTAsImlkIjo5MCwiZW1haWwiOiJtaW5hbDJAbWFpbGluYXRvci5jb20iLCJpYXQiOjE2NjEzNDY2OTB9.ndvlE9QmIwQmzezt1azeN4C6BtCfNYCDEJxQ1fba-e8aCVOU3eyOpgflsZV4T3XKXUGs9ERojRdtdCIwuLGasg', NULL, NULL, NULL, NULL, '2022-08-24 13:07:16', '2022-08-24 13:11:30'),
(91, 'hhaah', 'hahh@nan.com', NULL, '$2a$10$TD/DzvE/Ej01962XrG5X..TcYrDe2.1ACTsgXUJK/g1f3zlRg8KUG', NULL, NULL, NULL, 1, 'eyJhbGciOiJIUzUxMiIsInR5cCI6IkpXVCJ9.eyJleHAiOjE2NjE5NTE0MTksImlkIjo5MSwiZW1haWwiOiJoYWhoQG5hbi5jb20iLCJpYXQiOjE2NjEzNDY2MTl9.JTb8kak6ewaYswXXzDVw8eUHRdoSLv7sxDAEV1m0rA7cXFXGLDAKZAI0kw7N5SukigouW_sHUZqA_u8hI96SfA', NULL, NULL, NULL, NULL, '2022-08-24 13:10:19', '2022-08-24 13:10:32'),
(92, 'Minal3', 'minal3@mailinator.com', NULL, '$2a$10$ZER9HG/lmEnjGYv2c33W9.1cMMmeia7pVaiY6yDmqjE/7uZvkHkiG', NULL, NULL, NULL, 1, 'eyJhbGciOiJIUzUxMiIsInR5cCI6IkpXVCJ9.eyJleHAiOjE2NjE5NTE1MzMsImlkIjo5MiwiZW1haWwiOiJtaW5hbDNAbWFpbGluYXRvci5jb20iLCJpYXQiOjE2NjEzNDY3MzN9.J2n9hmtEtPWyu-4-KW8Fyr7go6BFYbBE_WOQX-Hzi04qclCkEZ4_maLpe48_mx-17-0QErfDufbBo5JY84ne7Q', NULL, NULL, NULL, NULL, '2022-08-24 13:12:13', '2022-08-24 13:12:22'),
(94, 'Praveen  Test', 'praveen@mailinator.com', NULL, '$2a$10$GwGpmh5.NKi50sT6DfDPnOMZZBjXyv5wyn39iotPC6nSRgXyfyKu6', 'M123456', NULL, NULL, 1, 'eyJhbGciOiJIUzUxMiIsInR5cCI6IkpXVCJ9.eyJleHAiOjE2NjIxMDMxNjAsImlkIjo5NCwiZW1haWwiOiJwcmF2ZWVuQG1haWxpbmF0b3IuY29tIiwiaWF0IjoxNjYxNDk4MzYwfQ.3CxNrsXOcP0hOE8kGV47w5ICf3sLwSu-QNiz2e8Efyou34ygm3kZzUiNf4aK32dNlfM6Mue4wk8L88xaAOnBnA', NULL, NULL, NULL, NULL, '2022-08-26 07:19:20', '2022-08-26 07:58:15'),
(95, 'hh', 'hh@gmail.com', NULL, '$2a$10$SPV5lRthSg8ZcSm7TNpyHeM6RLnyya34XEpRayEyACoKrze6dlQ4.', NULL, NULL, NULL, 3, 'eyJhbGciOiJIUzUxMiIsInR5cCI6IkpXVCJ9.eyJleHAiOjE2NjIxMTY1NzksImlkIjo5NSwiZW1haWwiOiJoaEBnbWFpbC5jb20iLCJpYXQiOjE2NjE1MTE3Nzl9.2ptgSyUz2-RhVr79YrER-qf2h9xaxK58NDs5Y6tyioQwLMwtYzal4E92Ss11s3RTP6dQfxHNzkLsPYxACdGLkg', NULL, NULL, NULL, NULL, '2022-08-26 11:02:59', '2022-08-26 11:02:59'),
(96, 'kk', 'k@mailinator.com', NULL, '$2a$10$6Nvh/fIld4svQ91F95x/8uD/WtEgXt.zEFPH2OFNSecqXxqUaXyqS', NULL, NULL, NULL, 3, 'eyJhbGciOiJIUzUxMiIsInR5cCI6IkpXVCJ9.eyJleHAiOjE2NjIxMTY4NTksImlkIjo5NiwiZW1haWwiOiJrQG1haWxpbmF0b3IuY29tIiwiaWF0IjoxNjYxNTEyMDU5fQ.G2iuIOP-UUuM6CDdo8GoimZfrqDg-nht_PkOhnfximeeXYTq63CoOKj5-O6wfEfk4DGMh0i_qoapX4ng3rQCGQ', NULL, NULL, NULL, NULL, '2022-08-26 11:07:39', '2022-08-26 11:07:39'),
(97, 'kk', 'kalim@mailinator.com', NULL, '$2a$10$tP4eNfmTd46SGY/V1nj/u.7ogxuwbYXSQZd0pYw3KK.SqsHg.8YkK', NULL, NULL, NULL, 3, 'eyJhbGciOiJIUzUxMiIsInR5cCI6IkpXVCJ9.eyJleHAiOjE2NjIxMTY5MTAsImlkIjo5NywiZW1haWwiOiJrYWxpbUBtYWlsaW5hdG9yLmNvbSIsImlhdCI6MTY2MTUxMjExMH0.otunsLCEinfUGNh2-tZ7IRpHHZXjDkwzDRaTZcYOLawuTP8eKAcDOx4Eq9HSJMhmHgtnPe91kiIhYnV9I1oYpw', NULL, NULL, NULL, NULL, '2022-08-26 11:08:30', '2022-08-26 11:08:30'),
(98, 'abhishek', 'abhishek12@email.com', NULL, '$2a$10$O1eGERl4cHVKX5G9rlCMm.JcmrhwmCAXcvS3G5yZdC/atnkf2oE8q', NULL, NULL, NULL, 1, 'eyJhbGciOiJIUzUxMiIsInR5cCI6IkpXVCJ9.eyJleHAiOjE2NjIyMDQzNTQsImlkIjo5OCwiZW1haWwiOiJhYmhpc2hlazEyQGVtYWlsLmNvbSIsImlhdCI6MTY2MTU5OTU1NH0.6lCLTJXDtOau-1Y31ncS0NoCnzi0Wz1gQAx5wQzySljlTrAYRhtgkmyzxnU-31H8LHyfAmtDYWWtz0tlsDtaGw', NULL, NULL, NULL, NULL, '2022-08-27 11:25:54', '2022-08-27 11:25:58'),
(99, 'pankaj', 'abhishek112@email.com', 7522222225, '$2a$10$WwGkCsHh2SHh.QCc2yUhDeoDaaHkm0xwcAzAnCAtNdGZSDtjhbNce', NULL, '2000-11-10 00:00:00', 0, 1, 'eyJhbGciOiJIUzUxMiIsInR5cCI6IkpXVCJ9.eyJleHAiOjE2NjIzODM2MjAsImlkIjo5OSwiZW1haWwiOiJhYmhpc2hlazExMkBlbWFpbC5jb20iLCJpYXQiOjE2NjE3Nzg4MjB9.fJqZkiRZlrpRNhD7UHwvv-6PDGir2h5kV-4MxkBG5VQrT3JSnOQaGt8QcIoqVDcdCpTQFrWQFjzjS8dpPgSa6Q', NULL, NULL, NULL, NULL, '2022-08-27 15:18:11', '2022-08-29 13:13:40'),
(102, 'kalim', 'kak@hw.com', 9876655262, '$2a$10$FS0YXm7pxyhq2h6AeydpKe0FAWSrxCl19SYTA35rsBP8d7dyKHDXS', NULL, '2002-02-02 00:00:00', NULL, 1, 'eyJhbGciOiJIUzUxMiIsInR5cCI6IkpXVCJ9.eyJleHAiOjE2NjI0NDkxNzQsImlkIjoxMDIsImVtYWlsIjoia2FrQGh3LmNvbSIsImlhdCI6MTY2MTg0NDM3NH0.vvu856NbS3YYzusuZn3XweQ0Zp3Oa6BALDhy73eJ0dcOWqb-cE2XK0_1XIPd_FrwXA4yMly9_2-YMGuZxyFvgQ', NULL, NULL, NULL, NULL, '2022-08-30 07:26:14', '2022-08-30 07:30:03'),
(103, 'ahanj', 'jaj@hwh.com', NULL, '$2a$10$tTjQoXeThby0TAHWJKiTL.cbPMPpRdjnm61QOBPtLfb3e7A2DGQBK', NULL, '2002-02-28 00:00:00', NULL, 1, 'eyJhbGciOiJIUzUxMiIsInR5cCI6IkpXVCJ9.eyJleHAiOjE2NjI0NDk5NzEsImlkIjoxMDMsImVtYWlsIjoiamFqQGh3aC5jb20iLCJpYXQiOjE2NjE4NDUxNzF9.8mJeJ40RBPg7zVfdoLIJAvcmftXAUlupr6h3v2aYwM0RIYvgQgP81rhUru_tah9jCXa3Kj0DSSB_3GPIfpO3NA', NULL, NULL, NULL, NULL, '2022-08-30 07:39:31', '2022-08-30 07:55:06'),
(105, 'abishek', 'hj1@email.co', NULL, NULL, NULL, '2002-04-12 00:00:00', 0, 1, 'eyJhbGciOiJIUzUxMiIsInR5cCI6IkpXVCJ9.eyJleHAiOjE2NjI0NjQ3NDIsImlkIjoxMDUsImVtYWlsIjoiaGoxQGVtYWlsLmNvIiwiaWF0IjoxNjYxODU5OTQyfQ.vZfRTWeQ0yF1OL8f7FSRwo5cC-WiUmiqgV95uSr_c6rH4Xw1HH2UM2IbSVKGIZXufMvGt4dCbeBGg-SqHpNeYA', NULL, '6588', 1, NULL, '2022-08-30 11:45:11', '2022-08-30 11:45:42'),
(106, 'Pawan Kumar', 'ku15101998@gmail.com', NULL, NULL, NULL, '2000-01-01 00:00:00', 1, 1, 'eyJhbGciOiJIUzUxMiIsInR5cCI6IkpXVCJ9.eyJleHAiOjE2NjM4NDk2MjgsImlkIjoxMDYsImVtYWlsIjoia3UxNTEwMTk5OEBnbWFpbC5jb20iLCJpYXQiOjE2NjMyNDQ4Mjh9.T1ktoXJAnJ3h4Jn_kafV7NK8z6TjWVtwK_NrKTgvS2QyJhhAQAc8AtTRxFGH2xMH7p0KTSMpcG0ezMrZWV3kYA', NULL, '106426606839170888231', 1, '/assets/images/1662817261368-123530481image_picker2571903653030274017.jpg', '2022-08-30 11:47:34', '2022-09-15 12:27:08'),
(107, 'Pawan kumar Vind', 'ku1510998@gmail.com', NULL, NULL, NULL, '2000-01-01 00:00:00', 0, 1, 'eyJhbGciOiJIUzUxMiIsInR5cCI6IkpXVCJ9.eyJleHAiOjE2NjM1NjYxNTgsImlkIjoxMDcsImVtYWlsIjoia3UxNTEwOTk4QGdtYWlsLmNvbSIsImlhdCI6MTY2Mjk2MTM1OH0.lce00BXFXthyMePMsDM8e1JDohUBAPnwyeK4OeZcw8gTnpQoqVH2KmH5tTRG8hz24INZjmqhNrdl8tCvTps9xQ', NULL, '110222782425774950452', 1, NULL, '2022-08-30 11:52:42', '2022-09-12 05:42:38'),
(108, 'Minal Choudhary', 'minal3130@gmail.com', NULL, NULL, NULL, '2000-01-01 00:00:00', 1, 1, 'eyJhbGciOiJIUzUxMiIsInR5cCI6IkpXVCJ9.eyJleHAiOjE2NjI0NjkzMzUsImlkIjoxMDgsImVtYWlsIjoibWluYWwzMTMwQGdtYWlsLmNvbSIsImlhdCI6MTY2MTg2NDUzNX0.C2X_Ub4JMufP9rnObQn-exu7AOvSDcnBZgReKSgWs3kjluaMkRY-AzinQAnPI9jROLjUg_0-Ib4yep8JnGrwFA', NULL, '116498854574300700709', 1, NULL, '2022-08-30 12:14:55', '2022-08-30 13:02:15'),
(109, 'Baslon Israil', 'ku10998@gmail.com', NULL, NULL, NULL, NULL, 0, 1, 'eyJhbGciOiJIUzUxMiIsInR5cCI6IkpXVCJ9.eyJleHAiOjE2NjI0Njk2MDgsImlkIjoxMDksImVtYWlsIjoia3UxMDk5OEBnbWFpbC5jb20iLCJpYXQiOjE2NjE4NjQ4MDh9.QMvwBDTVQsBJxlF5g0sk1u5B6ukD3Ixbojc-VARU84HzFpK99ML9yyXsrtJyAsaHUYn_C5Ra1biT0CaO73QLxQ', NULL, '12183865391', 2, NULL, '2022-08-30 13:06:48', '2022-08-30 13:06:48'),
(110, 'minal abcd', 'minalabcd@gmail.com', NULL, '$2a$10$NdJJc9Wiay12yXAuyqm.nu.MqiDVYUY8h45s1D2L4Laz6KAsYbrUW', NULL, NULL, NULL, 1, 'eyJhbGciOiJIUzUxMiIsInR5cCI6IkpXVCJ9.eyJleHAiOjE2NjI0NzM3NTUsImlkIjoxMTAsImVtYWlsIjoibWluYWxhYmNkQGdtYWlsLmNvbSIsImlhdCI6MTY2MTg2ODk1NX0.lpiIKE3D5Euwbj9UzvK6H0gdievre7PypzicxzaCmhbUI7lsrd4f979Fki-zXBMt2k8p5jn39OZMeh3gHwYwdA', NULL, NULL, NULL, NULL, '2022-08-30 14:15:55', '2022-08-30 14:16:07'),
(111, 'hhhhgg', 'df@gg.com', 9876656567, '$2a$10$RPoS0d.CCqNDdMfF/5pZBOuqRnxXTf54P6s4xs/BQrN7cdBYRoMSO', NULL, '2000-01-27 00:00:00', 0, 1, 'eyJhbGciOiJIUzUxMiIsInR5cCI6IkpXVCJ9.eyJleHAiOjE2NjI0OTA3MDAsImlkIjoxMTEsImVtYWlsIjoiZGZAZ2cuY29tIiwiaWF0IjoxNjYxODg1OTAwfQ.e3P_9csKgsk7uI0ND9ev-VS2fsK2lk-OW_fHGSv9aAQsrThC8hhcHrRWefGVpWpSFm0n9AAIjf3CbSuw5eBR5A', NULL, NULL, NULL, NULL, '2022-08-30 18:58:20', '2022-08-30 18:58:59'),
(112, 'pawan', 'pawan@email.com', NULL, '$2a$10$WixzdJQIMez3xinucj6f9u2IIeBSnLw8b36yHsh5oFL.OmG4e.Kpa', NULL, NULL, NULL, 3, 'eyJhbGciOiJIUzUxMiIsInR5cCI6IkpXVCJ9.eyJleHAiOjE2NjI3OTM1MzgsImlkIjoxMTIsImVtYWlsIjoicGF3YW5AZW1haWwuY29tIiwiaWF0IjoxNjYyMTg4NzM4fQ.4tlkXAujjnjYBIIb-on5ZKscUjRuw1TNbVj-ucN5MwOTJcdStw02FZeaeukeorWxUQgGhMdW49GwuG3FQf-Tkg', NULL, NULL, NULL, NULL, '2022-09-03 07:05:38', '2022-09-03 07:05:38'),
(113, 'pawan', 'pan@email.com', NULL, '$2a$10$SIlKet/sZrg2GNVZeSNrpeSjc5gmRYb9.E737UwCG2lgBvCvx5lcu', NULL, NULL, NULL, 3, 'eyJhbGciOiJIUzUxMiIsInR5cCI6IkpXVCJ9.eyJleHAiOjE2NjI3OTY5NTcsImlkIjoxMTMsImVtYWlsIjoicGFuQGVtYWlsLmNvbSIsImlhdCI6MTY2MjE5MjE1N30.UC6G1DFx46k-Gqtartpy8cboKNq9PBUTn_5dUVb35KglYFFTtlh-YkC5jbfpGtYq0AmUK3q2VwwGv8TzSamB9A', NULL, NULL, NULL, NULL, '2022-09-03 08:02:37', '2022-09-03 08:02:37'),
(114, 'pakw', 'bah@ha.com', NULL, '$2a$10$VNF/eImEEYljgqi/x1DOMuJ1G7qOkx4DtEnrn7d9soq3NeFzh8E5y', NULL, NULL, NULL, 3, 'eyJhbGciOiJIUzUxMiIsInR5cCI6IkpXVCJ9.eyJleHAiOjE2NjI3OTY5ODIsImlkIjoxMTQsImVtYWlsIjoiYmFoQGhhLmNvbSIsImlhdCI6MTY2MjE5MjE4Mn0.nljVtf2MG_O8OMlk_zESPHSEeGd9Cw3wHl8_ke_nfPlLHstwK5_B9UEZtLoNSrYXuQ3mJLF5nTEYQq2hlQ4Jxw', NULL, NULL, NULL, NULL, '2022-09-03 08:03:02', '2022-09-03 08:03:02'),
(115, 'Radhika Nemawarkar', 'radhika@mailinator.com', NULL, '$2a$10$J0FkkZ3gxrvrnudxhsVrbuMuIVCva15N0F4DzEQSqL7R4efb6deGy', NULL, '2000-01-01 00:00:00', 1, 1, 'eyJhbGciOiJIUzUxMiIsInR5cCI6IkpXVCJ9.eyJleHAiOjE2NjI4MDc2ODAsImlkIjoxMTUsImVtYWlsIjoicmFkaGlrYUBtYWlsaW5hdG9yLmNvbSIsImlhdCI6MTY2MjIwMjg4MH0.IxW0CMB-bKdlZP8KVaN8CNN4P97ZV-rykny1JuMa49MypNW9kN8KuIVzN0a4LAD8htx4l0Df3r2wiKhKcBdqRQ', NULL, NULL, NULL, NULL, '2022-09-03 11:01:20', '2022-09-03 12:19:33'),
(116, 'kaja', 'kaj@hah.com', NULL, '$2a$10$SSNHJkWCgyAkytiSxFV1HuSPwm.rL/B7ejcN8UNO.Ar7TTD2KJEU.', NULL, NULL, NULL, 1, 'eyJhbGciOiJIUzUxMiIsInR5cCI6IkpXVCJ9.eyJleHAiOjE2NjI5NzQzNjMsImlkIjoxMTYsImVtYWlsIjoia2FqQGhhaC5jb20iLCJpYXQiOjE2NjIzNjk1NjN9.GPE0ihC-j7q6KwFnig6bBPoMTGVy2hbgm4zk1wlpWdf8DeKttmF1by5DSJ4SyEWeC5MmK92IeYqI29egfANEOQ', NULL, NULL, NULL, NULL, '2022-09-05 09:19:23', '2022-09-05 09:19:29'),
(117, 'newone', 'new@mail.com', NULL, '$2a$10$/b9w5otjZJP3Kwx7u7KDRePzK.3rg.PSDsE2PBAnfejVTnTLVSCDS', NULL, '2000-01-01 00:00:00', 1, 1, 'eyJhbGciOiJIUzUxMiIsInR5cCI6IkpXVCJ9.eyJleHAiOjE2NjMwOTY1NTEsImlkIjoxMTcsImVtYWlsIjoibmV3QG1haWwuY29tIiwiaWF0IjoxNjYyNDkxNzUxfQ.ZEBqpt4mZKlceEAg6ZKHCIHNLOKABrXEEc4OC6xFgzuKviXcXfrBurVkK_VNqV6tqm2RaD-rPgP39IV0XqBBFg', NULL, NULL, NULL, NULL, '2022-09-06 06:37:51', '2022-09-06 19:15:51'),
(118, 'panab', 'jah@hsh.com', NULL, '$2a$10$WI3AbTu7qW7IAL.B9pFfL.LeBw.B16vvJVYR0zdAkihvyif.9NQTy', NULL, NULL, NULL, 1, 'eyJhbGciOiJIUzUxMiIsInR5cCI6IkpXVCJ9.eyJleHAiOjE2NjMwNTIyMDAsImlkIjoxMTgsImVtYWlsIjoiamFoQGhzaC5jb20iLCJpYXQiOjE2NjI0NDc0MDB9.mFSBmt93lljtXXF5bPSKTwT7eitk5_7eA75RGjT0aCpOlqlvMAT9AuGmzlYAC6YskE1Pc9X5ZnvsbbqU5neuJA', NULL, NULL, NULL, NULL, '2022-09-06 06:56:40', '2022-09-06 06:57:06'),
(119, 'bab', 'bba@vba.com', NULL, '$2a$10$PBOnREmqMm.BRznCjqvn6.npnWMTfgZ3wX8LPWT.DpkDf8OgaBMdG', NULL, NULL, NULL, 3, 'eyJhbGciOiJIUzUxMiIsInR5cCI6IkpXVCJ9.eyJleHAiOjE2NjMwNTIyNTgsImlkIjoxMTksImVtYWlsIjoiYmJhQHZiYS5jb20iLCJpYXQiOjE2NjI0NDc0NTh9.eai7QrliVDkakpvUnh2JK8ez6c6NFVT2pxie-EwqzuCaq39uwSZRPIF7tMzbj2RwN3f8Sv9d3TAv0fWCO9oZEw', NULL, NULL, NULL, NULL, '2022-09-06 06:57:38', '2022-09-06 06:57:38'),
(120, 'raju', 'kuk@mail.com', NULL, '$2a$10$BjhotvruplwfSzYvXS72RuHTDsHZ1xA6ke3hEU9.X1Rbyt5E/hEf6', NULL, NULL, NULL, 1, 'eyJhbGciOiJIUzUxMiIsInR5cCI6IkpXVCJ9.eyJleHAiOjE2NjMwNTI2MjIsImlkIjoxMjAsImVtYWlsIjoia3VrQG1haWwuY29tIiwiaWF0IjoxNjYyNDQ3ODIyfQ.xh9Py9Uy2Z7EaoUFECMzYPgYYIqj1k9dKolplYz7eqMPB1jp12DVXV9wXoM8z_9wksjvF2EN2gGXFgUodB131w', NULL, NULL, NULL, NULL, '2022-09-06 07:03:42', '2022-09-06 07:03:49'),
(121, 'hajja', 'jwn@hw.com', NULL, '$2a$10$s08QyHC3pihXrKmhfh1dvOzgG0uU48u.bm4j4R7pFvOnWhvvfhUhS', NULL, NULL, NULL, 1, 'eyJhbGciOiJIUzUxMiIsInR5cCI6IkpXVCJ9.eyJleHAiOjE2NjMwNTI3NDEsImlkIjoxMjEsImVtYWlsIjoianduQGh3LmNvbSIsImlhdCI6MTY2MjQ0Nzk0MX0.mUSMhWxhuYvlahp_8N6trVspWh0g6Vytfc2lk8baNWloPqtLMT7zCaYdCYxMwEbL3Ga3yFETphrbFFVyivy0jg', NULL, NULL, NULL, NULL, '2022-09-06 07:05:41', '2022-09-06 07:05:45'),
(122, 'kaka', 'kak@hah.com', NULL, '$2a$10$xhyUb0TXTkb0u8SGZ8Ks4udv.xj.JpDDHvYRJBxUNCQ48zj7g3sL2', NULL, NULL, NULL, 1, 'eyJhbGciOiJIUzUxMiIsInR5cCI6IkpXVCJ9.eyJleHAiOjE2NjMwNTI4OTgsImlkIjoxMjIsImVtYWlsIjoia2FrQGhhaC5jb20iLCJpYXQiOjE2NjI0NDgwOTh9.r00_RZXhMfiV0rn-6OvjSlZoDzFgJkHkF47RF3u6HALE9Uqutnq-vnF5iOXVF4rU1qIGTcy9hkMcerSEgdpw2A', NULL, NULL, NULL, NULL, '2022-09-06 07:08:18', '2022-09-06 07:08:21'),
(123, 'newone', 'new@gmail.com', NULL, '$2a$10$1zfjqNMELziSbDW6ZYWjwOqcLUeFhYe9YIGC.ZnbIHSlAjKpn1mLe', NULL, NULL, NULL, 1, 'eyJhbGciOiJIUzUxMiIsInR5cCI6IkpXVCJ9.eyJleHAiOjE2NjMwNTY1NDMsImlkIjoxMjMsImVtYWlsIjoibmV3QGdtYWlsLmNvbSIsImlhdCI6MTY2MjQ1MTc0M30.P83fvgjvAdL31VEl2QHEuEYHtYgd4VUUPnBN2b3BlLYaPyyU6iGk7NnODmQnhoXvF99vaq6TR0_5x7-wsthdkQ', NULL, NULL, NULL, NULL, '2022-09-06 08:09:03', '2022-09-06 08:09:08'),
(124, 'jjaah', 'gga@hah.com', NULL, '$2a$10$OO38iY2iGGyUnKT1XxVCjuXrTttyIZbimeD5F3S6wHA7PgxDdlcn6', NULL, NULL, NULL, 1, 'eyJhbGciOiJIUzUxMiIsInR5cCI6IkpXVCJ9.eyJleHAiOjE2NjMxNTUyODUsImlkIjoxMjQsImVtYWlsIjoiZ2dhQGhhaC5jb20iLCJpYXQiOjE2NjI1NTA0ODV9.bY6cxIxbwJbVRVe3T4L4DBj2bKG3OjYkeRb9-9ZMLVsveP8Lg-s0NmXsQb2hZ5W2x3rLRlYiDJ8YfG78yRvP0Q', NULL, NULL, NULL, NULL, '2022-09-07 11:34:45', '2022-09-07 11:34:50'),
(125, 'paanw', 'kajja@mail.com', NULL, '$2a$10$OWGdjMUT55tU0tyh37I0zOgjLuW78VZVCsInH1K0Qadu71NEEOVom', NULL, NULL, NULL, 1, 'eyJhbGciOiJIUzUxMiIsInR5cCI6IkpXVCJ9.eyJleHAiOjE2NjMyMzYwOTIsImlkIjoxMjUsImVtYWlsIjoia2FqamFAbWFpbC5jb20iLCJpYXQiOjE2NjI2MzEyOTJ9.KaMRligy_0ecPbPJ6DX4djuPT5Ml5L3HD1NZHsUJrdBBpQetK4UgIJQd2JZwAfpHUFXKhLD6qN5u4VFg30GO6A', NULL, NULL, NULL, NULL, '2022-09-08 10:01:32', '2022-09-08 10:01:39'),
(126, 'pawan', 'paja@mail.com', NULL, '$2a$10$L5jWBe0H9PWbVODNTvoTAeFzT3nzg8JcHJd2rOPFGBTmV07jAV2sC', NULL, NULL, NULL, 1, 'eyJhbGciOiJIUzUxMiIsInR5cCI6IkpXVCJ9.eyJleHAiOjE2NjMyNDc4MTksImlkIjoxMjYsImVtYWlsIjoicGFqYUBtYWlsLmNvbSIsImlhdCI6MTY2MjY0MzAxOX0.CJywFwgviyhAQ1J6_kUm2IeWUa-kZsZOGSSuks0dExnX1mZJBsE_Hx0GwKigVTKTDX7h6y-WRMwSspxC6M5e-g', NULL, NULL, NULL, NULL, '2022-09-08 13:16:59', '2022-09-08 13:17:04'),
(127, 'Rahul ', 'jaj@mail.com', 8871200779, '$2a$10$YJ8emq//TqIz9D27I/6fbe9gn5cizmgCTJyZt1Iu7Av0CUA.4NDaK', NULL, '2000-01-01 00:00:00', 1, 1, 'eyJhbGciOiJIUzUxMiIsInR5cCI6IkpXVCJ9.eyJleHAiOjE2NjM5NDE3MjAsImlkIjoxMjcsImVtYWlsIjoiamFqQG1haWwuY29tIiwiaWF0IjoxNjYzMzM2OTIwfQ.JaFq44R5Iqe8mWoX78cpSw9Rqidkx3E5B_rN1wRiab_5uKT9q2ijiQx85LZJbdzHryXqnD9H_hR7XdEUGvWQzg', NULL, NULL, NULL, '/assets/images/1663309802108-550143508image_picker2208088975571414226.jpg', '2022-09-08 13:24:07', '2022-09-16 14:02:00'),
(128, 'sourabh Bhaisairi 2', 'sourabhbhaisaire2@gmail.com', NULL, '$2a$10$jeGLkf0BfhnH2WHQuyzvdu/GgmlzuLARSBrTGqNyI.gGB8jycUcty', NULL, '2000-01-01 00:00:00', 0, 1, 'eyJhbGciOiJIUzUxMiIsInR5cCI6IkpXVCJ9.eyJleHAiOjE2NjMzMzYyMDMsImlkIjoxMjgsImVtYWlsIjoic291cmFiaGJoYWlzYWlyZTJAZ21haWwuY29tIiwiaWF0IjoxNjYyNzMxNDAzfQ.BDTt546huT2X8eqUMMYCOsSm_OziABbXjbmT216l1zD7fF6aceU6rPvdGPiutXa0geEih7GEcGfmQih2tPYX0w', NULL, NULL, NULL, NULL, '2022-09-09 13:50:03', '2022-09-09 13:51:11'),
(129, 'pannha', 'kja@mail.com', NULL, '$2a$10$nFQs0d793Zea8/rgNt9lk.b9Rr0/Dgm6Iy/ETjsM8DycA5Y2H/xkW', NULL, NULL, NULL, 1, 'eyJhbGciOiJIUzUxMiIsInR5cCI6IkpXVCJ9.eyJleHAiOjE2NjM0MjA0NzUsImlkIjoxMjksImVtYWlsIjoia2phQG1haWwuY29tIiwiaWF0IjoxNjYyODE1Njc1fQ.y4T5bPzVowsiai_S5eZXmcMqkw9zVYsveK-DQ4DZwRxxBwVdunBglc5RNux4_XsVOevRk-g0tTW9cCnbmaWjQA', NULL, NULL, NULL, NULL, '2022-09-10 13:14:35', '2022-09-10 13:14:39'),
(130, 'shabbir', 'shabbir@mailinator.com', NULL, '$2a$10$f3q7OqCUihxbzyfCqpSLtuerpB0zzdgG05znw4vBZSDZqwtL8DLXK', NULL, NULL, NULL, 1, 'eyJhbGciOiJIUzUxMiIsInR5cCI6IkpXVCJ9.eyJleHAiOjE2NjM0MjA1NjIsImlkIjoxMzAsImVtYWlsIjoic2hhYmJpckBtYWlsaW5hdG9yLmNvbSIsImlhdCI6MTY2MjgxNTc2Mn0.u-kfC9VzqwOvS-qxX-Jwn9p2EbSYXj8y6SkWKFBeiGm_GRMSOOSEWhXwaR7tzgf0hi2pmARW3-I8JAx_5pnwYQ', NULL, NULL, NULL, NULL, '2022-09-10 13:16:02', '2022-09-10 13:16:08'),
(131, 'jaj', 'ahha@bba.com', NULL, '$2a$10$phvvFIOcd2JPp8Ck5ZGmsOABR3VJmwICws2tCAeI8Z9QaCsvj1Ab6', NULL, NULL, NULL, 1, 'eyJhbGciOiJIUzUxMiIsInR5cCI6IkpXVCJ9.eyJleHAiOjE2NjM0MjA3NzgsImlkIjoxMzEsImVtYWlsIjoiYWhoYUBiYmEuY29tIiwiaWF0IjoxNjYyODE1OTc4fQ.qnkjWt0JuLORpLKhCd-uIeFGSTcUJ2Vy_m2A-Tv1rhV7rfpGe95yVvmqUyE9Q_5u_SCAeztornoPmWvgxYXrRw', NULL, NULL, NULL, NULL, '2022-09-10 13:19:38', '2022-09-10 13:19:42'),
(132, 'jajja', 'ja@mail.com', NULL, '$2a$10$6pvYq7vavcHbMDjCqQyrPeDO395uqBz4LVdaAcN2GuOVizyap9HXW', NULL, NULL, NULL, 1, 'eyJhbGciOiJIUzUxMiIsInR5cCI6IkpXVCJ9.eyJleHAiOjE2NjM0MjEyNDcsImlkIjoxMzIsImVtYWlsIjoiamFAbWFpbC5jb20iLCJpYXQiOjE2NjI4MTY0NDd9.0-3HsN_eGpM7bYLvhkSJscXgDxC2ulrc1OUBPcL_WOqV9wTjysl6rD17PpFzuNsYMeEFXJ8lBG9QD0RgssJXHw', NULL, NULL, NULL, NULL, '2022-09-10 13:27:27', '2022-09-10 13:27:32'),
(133, 'yash', 'yash@hmail.com', NULL, '$2a$10$eshSN3UyhnJbGJBZ3PXZku8z3VywroU/RpdpOtps23588CZOuUt8G', NULL, NULL, NULL, 1, 'eyJhbGciOiJIUzUxMiIsInR5cCI6IkpXVCJ9.eyJleHAiOjE2NjM0MjIzMzIsImlkIjoxMzMsImVtYWlsIjoieWFzaEBobWFpbC5jb20iLCJpYXQiOjE2NjI4MTc1MzJ9.Mun6GyQ8OOQqvxPI4Ch1LCTFDGnDSsPTdZ96324kUEWFtZUT8CWlOxIZfLdCHHaIkZYBAor_2g54p_qzimGHEg', NULL, NULL, NULL, NULL, '2022-09-10 13:45:32', '2022-09-10 13:45:37'),
(134, 'pkkak', 'kaj@mail.com', NULL, '$2a$10$ZelaCT/Ud9R3LF6Lim.VyOR7ULEiq9mSTtsNAkcf05G3CZtTBZdv6', NULL, NULL, NULL, 1, 'eyJhbGciOiJIUzUxMiIsInR5cCI6IkpXVCJ9.eyJleHAiOjE2NjM0MjI0MjYsImlkIjoxMzQsImVtYWlsIjoia2FqQG1haWwuY29tIiwiaWF0IjoxNjYyODE3NjI2fQ.6mRIqviIfrj0RHp03dsK5aTBLbiaOVOTP0peNxFdNhsTRYNDppsaUdJjwYUkCm9QL-SR6BlnRQ9x33HXsRIqCg', NULL, NULL, NULL, NULL, '2022-09-10 13:47:06', '2022-09-10 13:47:10'),
(135, 'jajj', 'jah@mail.com', NULL, '$2a$10$VM77VRL2QsSqA/KfQ1Yn3eCvTknh4wjgSMwmo.8p/kgHeNt8KRQZu', NULL, NULL, NULL, 1, 'eyJhbGciOiJIUzUxMiIsInR5cCI6IkpXVCJ9.eyJleHAiOjE2NjM0MjI1MzMsImlkIjoxMzUsImVtYWlsIjoiamFoQG1haWwuY29tIiwiaWF0IjoxNjYyODE3NzMzfQ.c8LoDo6KF47pgSi5mj3K7OPFp7oDzwevKr6jWuJzxMddG6s-tubgL4ZIRktuf1deV5bff7k-Pg2z1dXGbhX61g', NULL, NULL, NULL, NULL, '2022-09-10 13:48:53', '2022-09-10 13:48:57'),
(136, 'jaj', 'bab@mail.com', NULL, '$2a$10$5KPhKkOH4AkI1911li9loOfCVtMwMwBrL9VvT83aLtde3p9JcUJvS', NULL, NULL, NULL, 1, 'eyJhbGciOiJIUzUxMiIsInR5cCI6IkpXVCJ9.eyJleHAiOjE2NjM0MjI3MDgsImlkIjoxMzYsImVtYWlsIjoiYmFiQG1haWwuY29tIiwiaWF0IjoxNjYyODE3OTA4fQ.MHa6UO6wW9J44bMN5QcYzIsWCNMYLzqtF-o7XBa4LsgB1p-rqkliAuzqL7TDWW7gwXeyfAG-PG_crsGzhlWEYg', NULL, NULL, NULL, NULL, '2022-09-10 13:51:48', '2022-09-10 13:51:53'),
(137, 'hhaj', 'hah@mail.com', NULL, '$2a$10$tooykRMDlicyHXRkpHNgQumaGvksYq3LjYu7KE6rCMLItCYSjMs4u', NULL, NULL, NULL, 1, 'eyJhbGciOiJIUzUxMiIsInR5cCI6IkpXVCJ9.eyJleHAiOjE2NjM0MjI4OTIsImlkIjoxMzcsImVtYWlsIjoiaGFoQG1haWwuY29tIiwiaWF0IjoxNjYyODE4MDkyfQ.RRx44hhkN1fxzcQSquRDaqGPFrfIvdw3mubT0UcCVwmD6VoUYl_5KSzNfnak3HmJ-LUr7zk4wdDOWwNSTw80Gw', NULL, NULL, NULL, NULL, '2022-09-10 13:54:52', '2022-09-10 13:55:00'),
(138, 'pawan', 'habh@mail.com', NULL, '$2a$10$EEIj2yahSX2jU.RpnbyJpeWKnacgzS8DsNxWmTO8bOVaWjFok8KC.', NULL, '2000-01-01 00:00:00', 1, 1, 'eyJhbGciOiJIUzUxMiIsInR5cCI6IkpXVCJ9.eyJleHAiOjE2NjM0MjMwMTcsImlkIjoxMzgsImVtYWlsIjoiaGFiaEBtYWlsLmNvbSIsImlhdCI6MTY2MjgxODIxN30.7ZFBPKV5-wS1AbuTzek36bmyFEGfM8OsILhpyChgyyHOEdGRo3cuNYJ8EE60secNoWjkQBPV_ruikp-cfIFYEw', NULL, NULL, NULL, '/assets/images/1662960791025-397292271image_picker5492458980648234309.jpg', '2022-09-10 13:56:57', '2022-09-12 05:33:11'),
(139, 'minal', 'minal@gmail.com', NULL, '$2a$10$GjDYxagLr1KKzEeb5t9Oz.v4dXusga/JScnb3BPdF6InH78zYdN1e', NULL, NULL, NULL, 1, 'eyJhbGciOiJIUzUxMiIsInR5cCI6IkpXVCJ9.eyJleHAiOjE2NjM0MjMxMzEsImlkIjoxMzksImVtYWlsIjoibWluYWxAZ21haWwuY29tIiwiaWF0IjoxNjYyODE4MzMxfQ.WnB3gGYWvvIU8owNjy_cBKdHT60ImQKUz1foYqSWNz6zwZMGGFkFFXp6p0-ePnpr8Y9kP4163s8jIkkwnutIdg', NULL, NULL, NULL, NULL, '2022-09-10 13:58:51', '2022-09-10 13:58:56'),
(140, 'Divya Tiwari', 'divyatiwaridiva6@gmail.com', NULL, NULL, NULL, NULL, NULL, 1, 'eyJhbGciOiJIUzUxMiIsInR5cCI6IkpXVCJ9.eyJleHAiOjE2NjM4NDU4MzYsImlkIjoxNDAsImVtYWlsIjoiZGl2eWF0aXdhcmlkaXZhNkBnbWFpbC5jb20iLCJpYXQiOjE2NjMyNDEwMzZ9.MxcS6YWUhd8ZtcAice3qCjdg9jqQRwN82EnyTuroW-nK2PfIhoYdSDD26JCcsCbdr6xBk5cLgYACgkGKnAI7mQ', NULL, '104754530694098325682', 1, 'https://lh3.googleusercontent.com/a-/AFdZucoeLOZrBDkMMpcicdUmssAYfUWpP4HK1d71XEl3=s96-c', '2022-09-15 11:23:56', '2022-09-15 11:23:56'),
(141, 'ooaka', 'paaa@mail.com', NULL, '$2a$10$ofwlnM4AJXnHv6fqcP3hw.kXVw746RgErWMsqgS1yPKhIXF6gAVAC', NULL, '2000-01-01 00:00:00', 1, 1, 'eyJhbGciOiJIUzUxMiIsInR5cCI6IkpXVCJ9.eyJleHAiOjE2NjM4NTAyNjcsImlkIjoxNDEsImVtYWlsIjoicGFhYUBtYWlsLmNvbSIsImlhdCI6MTY2MzI0NTQ2N30.0ZPaCBpvXhHiepRDA7Pi0DmQVurNdrypuPuvDRzV5phThT1L5RP8N94oxou4wx5q3LqkeOAUv0cXqw-miA8Cag', NULL, NULL, NULL, '/assets/images/1663244789422-231413604image_picker3480840574804728872.jpg', '2022-09-15 12:24:07', '2022-09-15 12:37:47'),
(142, 'pa', 'pa@mail.com', NULL, '$2a$10$9ROVTbj4GDfIUV7FA/QvbuII93ZRGDcJVPIPNU/qd4s6yshgGlU72', NULL, NULL, NULL, 1, 'eyJhbGciOiJIUzUxMiIsInR5cCI6IkpXVCJ9.eyJleHAiOjE2NjM4NTU0MTMsImlkIjoxNDIsImVtYWlsIjoicGFAbWFpbC5jb20iLCJpYXQiOjE2NjMyNTA2MTN9.lz2v15GKzwIW3NY4-dYzhjUrs1kSDOamUOlI88f7b6K8o2lLj9W0kdoQi2l6s5KtTL05SmshNo8DMUe11Nt6ZQ', NULL, NULL, NULL, NULL, '2022-09-15 14:01:58', '2022-09-15 14:03:33'),
(143, 'paa', 'paa@mail.com', NULL, '$2a$10$QVab.uIbsQiOIb9/Rn1fDe9Y6sQJZACzcqIgfbTnvSpk3h9SkZCs2', NULL, NULL, NULL, 1, 'eyJhbGciOiJIUzUxMiIsInR5cCI6IkpXVCJ9.eyJleHAiOjE2NjM4NTU0MDAsImlkIjoxNDMsImVtYWlsIjoicGFhQG1haWwuY29tIiwiaWF0IjoxNjYzMjUwNjAwfQ.Q7feE5ikJt5hscCZMQHEvsjeOqxOI6Ga7d5t6URDhH3O2iutmezgTLf6Z8l6J1TVmwF7IHd3ldB_Y5vrW0XiCg', NULL, NULL, NULL, NULL, '2022-09-15 14:02:34', '2022-09-15 14:03:20'),
(144, 'Yug Test', 'yug@mailinator.com', NULL, '$2a$10$L.BcC1Bmzyk/LVwVxjxkWeV/vxLRDPfxZHEu6A2MqtNvb/xTTC.Sq', NULL, NULL, NULL, 1, 'eyJhbGciOiJIUzUxMiIsInR5cCI6IkpXVCJ9.eyJleHAiOjE2NjM5MTk5NTMsImlkIjoxNDQsImVtYWlsIjoieXVnQG1haWxpbmF0b3IuY29tIiwiaWF0IjoxNjYzMzE1MTUzfQ.xwEW54rcK9mu5EpeG6IbBYDXUA1Lth81xBoQWxTfwaA5cAe-ljRM4JG5TksGPLv3pZ9nAE9Yzj2fCB0bzvixbA', NULL, NULL, NULL, NULL, '2022-09-16 07:15:20', '2022-09-16 07:59:13'),
(145, 'Niki', 'niki@mailinator.com', NULL, '$2a$10$dL7Liui2i2i/54T4BIuleubkT1j0aL0f7kAjWYrP7TKFZW8so92/q', NULL, NULL, NULL, 1, 'eyJhbGciOiJIUzUxMiIsInR5cCI6IkpXVCJ9.eyJleHAiOjE2NjM5MjYyNDgsImlkIjoxNDUsImVtYWlsIjoibmlraUBtYWlsaW5hdG9yLmNvbSIsImlhdCI6MTY2MzMyMTQ0OH0.TjUpnpQuK_DvSfN1_-4M7nJBJwjlCK1eEmVQ0eI6QwPdgqeMoPE_3slcB82F4MMkDfLGX56BWOtlxy9kR5_amw', NULL, NULL, NULL, NULL, '2022-09-16 09:44:08', '2022-09-16 09:45:20');

-- --------------------------------------------------------

--
-- Table structure for table `user_tags`
--

CREATE TABLE `user_tags` (
  `id` int(11) NOT NULL,
  `userId` int(11) NOT NULL,
  `tagId` int(11) NOT NULL,
  `tagname` varchar(255) DEFAULT NULL,
  `createdAt` datetime NOT NULL,
  `updatedAt` datetime NOT NULL
) ENGINE=InnoDB DEFAULT CHARSET=latin1;

--
-- Dumping data for table `user_tags`
--

INSERT INTO `user_tags` (`id`, `userId`, `tagId`, `tagname`, `createdAt`, `updatedAt`) VALUES
(9, 2, 1, 'sports', '2022-08-16 11:34:30', '2022-08-16 11:34:30'),
(10, 2, 2, 'fashion', '2022-08-16 11:34:30', '2022-08-16 11:34:30'),
(11, 2, 4, 'celebrity', '2022-08-16 11:34:30', '2022-08-16 11:34:30'),
(18, 17, 1, 'sports', '2022-08-16 12:49:49', '2022-08-16 12:49:49'),
(19, 17, 2, 'fashion', '2022-08-16 12:49:49', '2022-08-16 12:49:49'),
(20, 17, 4, 'celebrity', '2022-08-16 12:49:49', '2022-08-16 12:49:49'),
(21, 40, 39, 'Trending', '2022-08-16 13:40:29', '2022-08-16 13:40:29'),
(22, 40, 33, ' Recaps', '2022-08-16 13:40:29', '2022-08-16 13:40:29'),
(23, 40, 37, ' Featured', '2022-08-16 13:40:29', '2022-08-16 13:40:29'),
(24, 41, 37, 'Featured', '2022-08-17 06:42:05', '2022-08-17 06:42:05'),
(25, 41, 36, ' Exclusive', '2022-08-17 06:42:05', '2022-08-17 06:42:05'),
(26, 41, 39, ' Trending', '2022-08-17 06:42:05', '2022-08-17 06:42:05'),
(27, 42, 37, 'Featured', '2022-08-17 06:47:25', '2022-08-17 06:47:25'),
(28, 42, 36, ' Exclusive', '2022-08-17 06:47:25', '2022-08-17 06:47:25'),
(29, 42, 33, ' Recaps', '2022-08-17 06:47:25', '2022-08-17 06:47:25'),
(30, 44, 34, 'Celebrity News', '2022-08-17 07:14:17', '2022-08-17 07:14:17'),
(31, 44, 31, ' Daily Spoilers', '2022-08-17 07:14:17', '2022-08-17 07:14:17'),
(32, 45, 34, 'Celebrity News', '2022-08-17 08:13:49', '2022-08-17 08:13:49'),
(33, 45, 31, ' Daily Spoilers', '2022-08-17 08:13:49', '2022-08-17 08:13:49'),
(34, 46, 34, 'Celebrity News', '2022-08-17 08:21:40', '2022-08-17 08:21:40'),
(35, 46, 31, ' Daily Spoilers', '2022-08-17 08:21:40', '2022-08-17 08:21:40'),
(36, 46, 37, ' Featured', '2022-08-17 08:21:40', '2022-08-17 08:21:40'),
(37, 47, 39, 'Trending', '2022-08-17 09:42:43', '2022-08-17 09:42:43'),
(38, 47, 37, ' Featured', '2022-08-17 09:42:43', '2022-08-17 09:42:43'),
(39, 49, 39, 'Trending', '2022-08-17 10:36:06', '2022-08-17 10:36:06'),
(40, 49, 37, ' Featured', '2022-08-17 10:36:06', '2022-08-17 10:36:06'),
(41, 50, 31, 'Daily Spoilers', '2022-08-17 10:55:46', '2022-08-17 10:55:46'),
(42, 50, 36, ' Exclusive', '2022-08-17 10:55:46', '2022-08-17 10:55:46'),
(45, 52, 34, 'Celebrity News', '2022-08-17 11:52:12', '2022-08-17 11:52:12'),
(46, 52, 31, ' Daily Spoilers', '2022-08-17 11:52:12', '2022-08-17 11:52:12'),
(47, 59, 36, 'Exclusive', '2022-08-20 09:52:17', '2022-08-20 09:52:17'),
(48, 59, 37, ' Featured', '2022-08-20 09:52:17', '2022-08-20 09:52:17'),
(49, 60, 34, 'Celebrity News', '2022-08-20 10:59:58', '2022-08-20 10:59:58'),
(50, 61, 37, 'Featured', '2022-08-20 11:01:09', '2022-08-20 11:01:09'),
(51, 61, 36, ' Exclusive', '2022-08-20 11:01:09', '2022-08-20 11:01:09'),
(52, 62, 36, 'Exclusive', '2022-08-20 11:02:31', '2022-08-20 11:02:31'),
(53, 62, 37, ' Featured', '2022-08-20 11:02:31', '2022-08-20 11:02:31'),
(54, 63, 36, 'Exclusive', '2022-08-20 11:03:16', '2022-08-20 11:03:16'),
(55, 63, 37, ' Featured', '2022-08-20 11:03:16', '2022-08-20 11:03:16'),
(56, 64, 34, 'Celebrity News', '2022-08-20 11:05:17', '2022-08-20 11:05:17'),
(57, 65, 34, 'Celebrity News', '2022-08-20 11:09:04', '2022-08-20 11:09:04'),
(58, 66, 36, 'Exclusive', '2022-08-20 12:24:38', '2022-08-20 12:24:38'),
(59, 66, 37, ' Featured', '2022-08-20 12:24:38', '2022-08-20 12:24:38'),
(77, 67, 37, 'Featured', '2022-08-23 07:14:04', '2022-08-23 07:14:04'),
(84, 70, 39, 'Trending', '2022-08-23 09:15:17', '2022-08-23 09:15:17'),
(85, 70, 31, ' Daily Spoilers', '2022-08-23 09:15:17', '2022-08-23 09:15:17'),
(86, 70, 36, ' Exclusive', '2022-08-23 09:15:17', '2022-08-23 09:15:17'),
(87, 70, 34, ' Celebrity News', '2022-08-23 09:15:17', '2022-08-23 09:15:17'),
(99, 51, 1, 'sports', '2022-08-23 10:33:03', '2022-08-23 10:33:03'),
(100, 51, 2, 'fashion', '2022-08-23 10:33:03', '2022-08-23 10:33:03'),
(108, 72, 34, 'Celebrity News', '2022-08-23 10:36:43', '2022-08-23 10:36:43'),
(109, 72, 31, ' Daily Spoilers', '2022-08-23 10:36:43', '2022-08-23 10:36:43'),
(110, 72, 36, ' Exclusive', '2022-08-23 10:36:43', '2022-08-23 10:36:43'),
(111, 72, 33, ' Recaps', '2022-08-23 10:36:43', '2022-08-23 10:36:43'),
(131, 73, 34, 'Celebrity News', '2022-08-23 11:01:07', '2022-08-23 11:01:07'),
(134, 77, 37, 'Featured', '2022-08-23 12:30:21', '2022-08-23 12:30:21'),
(135, 77, 31, ' Daily Spoilers', '2022-08-23 12:30:21', '2022-08-23 12:30:21'),
(150, 71, 39, 'Trending', '2022-08-23 13:31:48', '2022-08-23 13:31:48'),
(151, 71, 37, ' Featured', '2022-08-23 13:31:48', '2022-08-23 13:31:48'),
(162, 84, 37, 'Featured', '2022-08-24 07:49:35', '2022-08-24 07:49:35'),
(163, 84, 36, ' Exclusive', '2022-08-24 07:49:35', '2022-08-24 07:49:35'),
(164, 84, 39, ' Trending', '2022-08-24 07:49:35', '2022-08-24 07:49:35'),
(169, 69, 33, 'Recaps', '2022-08-24 10:30:46', '2022-08-24 10:30:46'),
(170, 69, 36, ' Exclusive', '2022-08-24 10:30:46', '2022-08-24 10:30:46'),
(171, 87, 34, 'Celebrity News', '2022-08-24 10:57:05', '2022-08-24 10:57:05'),
(172, 87, 37, ' Featured', '2022-08-24 10:57:05', '2022-08-24 10:57:05'),
(173, 87, 39, ' Trending', '2022-08-24 10:57:05', '2022-08-24 10:57:05'),
(174, 87, 32, ' Weekly Spoilers', '2022-08-24 10:57:05', '2022-08-24 10:57:05'),
(178, 88, 31, 'Daily Spoilers', '2022-08-24 11:21:17', '2022-08-24 11:21:17'),
(179, 88, 36, ' Exclusive', '2022-08-24 11:21:17', '2022-08-24 11:21:17'),
(180, 88, 37, ' Featured', '2022-08-24 11:21:17', '2022-08-24 11:21:17'),
(181, 91, 37, 'Featured', '2022-08-24 13:10:51', '2022-08-24 13:10:51'),
(182, 91, 36, ' Exclusive', '2022-08-24 13:10:51', '2022-08-24 13:10:51'),
(183, 93, 34, 'Celebrity News', '2022-08-24 13:28:00', '2022-08-24 13:28:00'),
(184, 98, 31, 'Daily Spoilers', '2022-08-27 11:26:03', '2022-08-27 11:26:03'),
(185, 98, 36, ' Exclusive', '2022-08-27 11:26:03', '2022-08-27 11:26:03'),
(186, 98, 34, ' Celebrity News', '2022-08-27 11:26:03', '2022-08-27 11:26:03'),
(189, 85, 52, 'Little People Big World', '2022-08-29 15:19:53', '2022-08-29 15:19:53'),
(190, 85, 36, ' Exclusive', '2022-08-29 15:19:53', '2022-08-29 15:19:53'),
(191, 100, 37, 'Featured', '2022-08-30 05:39:10', '2022-08-30 05:39:10'),
(192, 100, 36, ' Exclusive', '2022-08-30 05:39:10', '2022-08-30 05:39:10'),
(193, 101, 34, 'Celebrity News', '2022-08-30 06:55:53', '2022-08-30 06:55:53'),
(194, 102, 37, 'Featured', '2022-08-30 07:26:21', '2022-08-30 07:26:21'),
(195, 102, 36, ' Exclusive', '2022-08-30 07:26:21', '2022-08-30 07:26:21'),
(196, 103, 36, 'Exclusive', '2022-08-30 07:39:38', '2022-08-30 07:39:38'),
(197, 103, 37, ' Featured', '2022-08-30 07:39:38', '2022-08-30 07:39:38'),
(198, 103, 53, ' Matt Roloff', '2022-08-30 07:39:38', '2022-08-30 07:39:38'),
(199, 106, 34, 'Celebrity News', '2022-08-30 11:47:37', '2022-08-30 11:47:37'),
(200, 106, 36, ' Exclusive', '2022-08-30 11:47:37', '2022-08-30 11:47:37'),
(201, 107, 36, 'Exclusive', '2022-08-30 11:53:00', '2022-08-30 11:53:00'),
(202, 107, 37, ' Featured', '2022-08-30 11:53:00', '2022-08-30 11:53:00'),
(203, 108, 34, 'Celebrity News', '2022-08-30 12:15:02', '2022-08-30 12:15:02'),
(204, 110, 34, 'Celebrity News', '2022-08-30 14:16:32', '2022-08-30 14:16:32'),
(205, 110, 31, ' Daily Spoilers', '2022-08-30 14:16:32', '2022-08-30 14:16:32'),
(206, 110, 36, ' Exclusive', '2022-08-30 14:16:32', '2022-08-30 14:16:32'),
(207, 110, 37, ' Featured', '2022-08-30 14:16:32', '2022-08-30 14:16:32'),
(208, 111, 37, 'Featured', '2022-08-30 18:58:27', '2022-08-30 18:58:27'),
(209, 111, 36, ' Exclusive', '2022-08-30 18:58:27', '2022-08-30 18:58:27'),
(210, 115, 34, 'Celebrity News', '2022-09-03 11:02:16', '2022-09-03 11:02:16'),
(211, 116, 37, 'Featured', '2022-09-05 09:19:35', '2022-09-05 09:19:35'),
(212, 117, 31, 'Daily Spoilers', '2022-09-06 06:38:29', '2022-09-06 06:38:29'),
(213, 117, 34, ' Celebrity News', '2022-09-06 06:38:29', '2022-09-06 06:38:29'),
(214, 117, 37, ' Featured', '2022-09-06 06:38:29', '2022-09-06 06:38:29'),
(215, 118, 36, 'Exclusive', '2022-09-06 06:57:14', '2022-09-06 06:57:14'),
(216, 118, 37, ' Featured', '2022-09-06 06:57:14', '2022-09-06 06:57:14'),
(217, 118, 53, ' Matt Roloff', '2022-09-06 06:57:14', '2022-09-06 06:57:14'),
(218, 120, 34, 'Celebrity News', '2022-09-06 07:03:57', '2022-09-06 07:03:57'),
(219, 120, 36, ' Exclusive', '2022-09-06 07:03:57', '2022-09-06 07:03:57'),
(220, 120, 37, ' Featured', '2022-09-06 07:03:57', '2022-09-06 07:03:57'),
(221, 121, 34, 'Celebrity News', '2022-09-06 07:05:50', '2022-09-06 07:05:50'),
(222, 122, 34, 'Celebrity News', '2022-09-06 07:08:25', '2022-09-06 07:08:25'),
(223, 123, 37, 'Featured', '2022-09-06 08:09:25', '2022-09-06 08:09:25'),
(224, 123, 36, ' Exclusive', '2022-09-06 08:09:25', '2022-09-06 08:09:25'),
(225, 123, 52, ' Little People Big World', '2022-09-06 08:09:25', '2022-09-06 08:09:25'),
(226, 124, 72, 'General Hospital', '2022-09-07 11:35:22', '2022-09-07 11:35:22'),
(227, 124, 73, ' Days Of Our Lives', '2022-09-07 11:35:22', '2022-09-07 11:35:22'),
(228, 124, 75, ' Bold and the Beautiful', '2022-09-07 11:35:22', '2022-09-07 11:35:22'),
(229, 125, 75, 'Bold and the Beautiful', '2022-09-08 10:01:45', '2022-09-08 10:01:45'),
(230, 125, 72, ' General Hospital', '2022-09-08 10:01:45', '2022-09-08 10:01:45'),
(231, 126, 82, '7 Little Johnstons', '2022-09-08 13:17:14', '2022-09-08 13:17:14'),
(232, 126, 76, ' 90 Day Fiance', '2022-09-08 13:17:14', '2022-09-08 13:17:14'),
(233, 126, 75, ' Bold and the Beautiful', '2022-09-08 13:17:14', '2022-09-08 13:17:14'),
(234, 126, 72, ' General Hospital', '2022-09-08 13:17:14', '2022-09-08 13:17:14'),
(235, 126, 73, ' Days Of Our Lives', '2022-09-08 13:17:14', '2022-09-08 13:17:14'),
(236, 127, 75, 'Bold and the Beautiful', '2022-09-08 13:24:26', '2022-09-08 13:24:26'),
(237, 127, 76, ' 90 Day Fiance', '2022-09-08 13:24:26', '2022-09-08 13:24:26'),
(238, 127, 73, ' Days Of Our Lives', '2022-09-08 13:24:26', '2022-09-08 13:24:26'),
(239, 127, 72, ' General Hospital', '2022-09-08 13:24:26', '2022-09-08 13:24:26'),
(240, 127, 81, ' Little People Big World', '2022-09-08 13:24:26', '2022-09-08 13:24:26'),
(241, 128, 78, '1000-Lb Sisters', '2022-09-09 13:50:34', '2022-09-09 13:50:34'),
(242, 128, 82, ' 7 Little Johnstons', '2022-09-09 13:50:34', '2022-09-09 13:50:34'),
(243, 128, 76, ' 90 Day Fiance', '2022-09-09 13:50:34', '2022-09-09 13:50:34'),
(244, 128, 75, ' Bold and the Beautiful', '2022-09-09 13:50:34', '2022-09-09 13:50:34'),
(245, 128, 73, ' Days Of Our Lives', '2022-09-09 13:50:34', '2022-09-09 13:50:34'),
(246, 128, 72, ' General Hospital', '2022-09-09 13:50:34', '2022-09-09 13:50:34'),
(247, 128, 81, ' Little People Big World', '2022-09-09 13:50:34', '2022-09-09 13:50:34'),
(248, 129, 73, 'Days Of Our Lives', '2022-09-10 13:14:45', '2022-09-10 13:14:45'),
(249, 130, 78, '1000-Lb Sisters', '2022-09-10 13:16:13', '2022-09-10 13:16:13'),
(250, 130, 82, ' 7 Little Johnstons', '2022-09-10 13:16:13', '2022-09-10 13:16:13'),
(251, 130, 76, ' 90 Day Fiance', '2022-09-10 13:16:13', '2022-09-10 13:16:13'),
(252, 130, 75, ' Bold and the Beautiful', '2022-09-10 13:16:13', '2022-09-10 13:16:13'),
(253, 130, 73, ' Days Of Our Lives', '2022-09-10 13:16:13', '2022-09-10 13:16:13'),
(254, 130, 72, ' General Hospital', '2022-09-10 13:16:13', '2022-09-10 13:16:13'),
(255, 130, 81, ' Little People Big World', '2022-09-10 13:16:13', '2022-09-10 13:16:13'),
(256, 131, 78, '1000-Lb Sisters', '2022-09-10 13:19:45', '2022-09-10 13:19:45'),
(257, 132, 78, '1000-Lb Sisters', '2022-09-10 13:27:35', '2022-09-10 13:27:35'),
(258, 132, 82, ' 7 Little Johnstons', '2022-09-10 13:27:35', '2022-09-10 13:27:35'),
(259, 132, 76, ' 90 Day Fiance', '2022-09-10 13:27:35', '2022-09-10 13:27:35'),
(260, 132, 75, ' Bold and the Beautiful', '2022-09-10 13:27:35', '2022-09-10 13:27:35'),
(261, 132, 73, ' Days Of Our Lives', '2022-09-10 13:27:35', '2022-09-10 13:27:35'),
(262, 132, 72, ' General Hospital', '2022-09-10 13:27:35', '2022-09-10 13:27:35'),
(263, 132, 81, ' Little People Big World', '2022-09-10 13:27:35', '2022-09-10 13:27:35'),
(264, 133, 78, '1000-Lb Sisters', '2022-09-10 13:45:41', '2022-09-10 13:45:41'),
(265, 133, 82, ' 7 Little Johnstons', '2022-09-10 13:45:41', '2022-09-10 13:45:41'),
(266, 133, 76, ' 90 Day Fiance', '2022-09-10 13:45:41', '2022-09-10 13:45:41'),
(267, 133, 75, ' Bold and the Beautiful', '2022-09-10 13:45:41', '2022-09-10 13:45:41'),
(268, 133, 73, ' Days Of Our Lives', '2022-09-10 13:45:41', '2022-09-10 13:45:41'),
(269, 133, 72, ' General Hospital', '2022-09-10 13:45:41', '2022-09-10 13:45:41'),
(270, 133, 81, ' Little People Big World', '2022-09-10 13:45:41', '2022-09-10 13:45:41'),
(271, 134, 82, '7 Little Johnstons', '2022-09-10 13:47:16', '2022-09-10 13:47:16'),
(272, 134, 78, ' 1000-Lb Sisters', '2022-09-10 13:47:16', '2022-09-10 13:47:16'),
(273, 134, 76, ' 90 Day Fiance', '2022-09-10 13:47:16', '2022-09-10 13:47:16'),
(274, 134, 75, ' Bold and the Beautiful', '2022-09-10 13:47:16', '2022-09-10 13:47:16'),
(275, 134, 73, ' Days Of Our Lives', '2022-09-10 13:47:16', '2022-09-10 13:47:16'),
(276, 134, 72, ' General Hospital', '2022-09-10 13:47:16', '2022-09-10 13:47:16'),
(277, 134, 81, ' Little People Big World', '2022-09-10 13:47:16', '2022-09-10 13:47:16'),
(278, 135, 82, '7 Little Johnstons', '2022-09-10 13:49:01', '2022-09-10 13:49:01'),
(279, 135, 78, ' 1000-Lb Sisters', '2022-09-10 13:49:01', '2022-09-10 13:49:01'),
(280, 135, 76, ' 90 Day Fiance', '2022-09-10 13:49:01', '2022-09-10 13:49:01'),
(281, 135, 75, ' Bold and the Beautiful', '2022-09-10 13:49:01', '2022-09-10 13:49:01'),
(282, 135, 72, ' General Hospital', '2022-09-10 13:49:01', '2022-09-10 13:49:01'),
(283, 135, 73, ' Days Of Our Lives', '2022-09-10 13:49:01', '2022-09-10 13:49:01'),
(284, 135, 81, ' Little People Big World', '2022-09-10 13:49:01', '2022-09-10 13:49:01'),
(292, 136, 78, '1000-Lb Sisters', '2022-09-10 13:54:17', '2022-09-10 13:54:17'),
(293, 136, 82, ' 7 Little Johnstons', '2022-09-10 13:54:17', '2022-09-10 13:54:17'),
(294, 136, 76, ' 90 Day Fiance', '2022-09-10 13:54:17', '2022-09-10 13:54:17'),
(295, 136, 75, ' Bold and the Beautiful', '2022-09-10 13:54:17', '2022-09-10 13:54:17'),
(296, 136, 73, ' Days Of Our Lives', '2022-09-10 13:54:17', '2022-09-10 13:54:17'),
(297, 136, 72, ' General Hospital', '2022-09-10 13:54:17', '2022-09-10 13:54:17'),
(298, 136, 81, ' Little People Big World', '2022-09-10 13:54:17', '2022-09-10 13:54:17'),
(299, 136, 81, ' Little People Big World', '2022-09-10 13:54:17', '2022-09-10 13:54:17'),
(300, 136, 73, ' Days Of Our Lives', '2022-09-10 13:54:17', '2022-09-10 13:54:17'),
(301, 136, 72, ' General Hospital', '2022-09-10 13:54:17', '2022-09-10 13:54:17'),
(302, 136, 75, ' Bold and the Beautiful', '2022-09-10 13:54:17', '2022-09-10 13:54:17'),
(303, 136, 76, ' 90 Day Fiance', '2022-09-10 13:54:17', '2022-09-10 13:54:17'),
(304, 136, 78, ' 1000-Lb Sisters', '2022-09-10 13:54:17', '2022-09-10 13:54:17'),
(305, 136, 82, ' 7 Little Johnstons', '2022-09-10 13:54:17', '2022-09-10 13:54:17'),
(306, 137, 78, '1000-Lb Sisters', '2022-09-10 13:55:04', '2022-09-10 13:55:04'),
(307, 137, 82, ' 7 Little Johnstons', '2022-09-10 13:55:04', '2022-09-10 13:55:04'),
(308, 137, 76, ' 90 Day Fiance', '2022-09-10 13:55:04', '2022-09-10 13:55:04'),
(309, 137, 75, ' Bold and the Beautiful', '2022-09-10 13:55:04', '2022-09-10 13:55:04'),
(310, 137, 73, ' Days Of Our Lives', '2022-09-10 13:55:04', '2022-09-10 13:55:04'),
(311, 137, 72, ' General Hospital', '2022-09-10 13:55:04', '2022-09-10 13:55:04'),
(312, 137, 81, ' Little People Big World', '2022-09-10 13:55:04', '2022-09-10 13:55:04'),
(313, 138, 78, '1000-Lb Sisters', '2022-09-10 13:57:05', '2022-09-10 13:57:05'),
(314, 138, 82, ' 7 Little Johnstons', '2022-09-10 13:57:05', '2022-09-10 13:57:05'),
(315, 138, 76, ' 90 Day Fiance', '2022-09-10 13:57:05', '2022-09-10 13:57:05'),
(316, 138, 75, ' Bold and the Beautiful', '2022-09-10 13:57:05', '2022-09-10 13:57:05'),
(317, 138, 73, ' Days Of Our Lives', '2022-09-10 13:57:05', '2022-09-10 13:57:05'),
(318, 138, 72, ' General Hospital', '2022-09-10 13:57:05', '2022-09-10 13:57:05'),
(319, 138, 81, ' Little People Big World', '2022-09-10 13:57:05', '2022-09-10 13:57:05'),
(320, 139, 78, '1000-Lb Sisters', '2022-09-10 13:59:05', '2022-09-10 13:59:05'),
(321, 139, 82, ' 7 Little Johnstons', '2022-09-10 13:59:05', '2022-09-10 13:59:05'),
(322, 139, 76, ' 90 Day Fiance', '2022-09-10 13:59:05', '2022-09-10 13:59:05'),
(323, 139, 75, ' Bold and the Beautiful', '2022-09-10 13:59:05', '2022-09-10 13:59:05'),
(324, 139, 73, ' Days Of Our Lives', '2022-09-10 13:59:05', '2022-09-10 13:59:05'),
(325, 139, 72, ' General Hospital', '2022-09-10 13:59:05', '2022-09-10 13:59:05'),
(326, 139, 81, ' Little People Big World', '2022-09-10 13:59:05', '2022-09-10 13:59:05'),
(327, 141, 75, 'Bold and the Beautiful', '2022-09-15 12:24:26', '2022-09-15 12:24:26'),
(328, 141, 73, ' Days Of Our Lives', '2022-09-15 12:24:26', '2022-09-15 12:24:26'),
(329, 142, 75, 'Bold and the Beautiful', '2022-09-15 14:02:05', '2022-09-15 14:02:05'),
(330, 142, 76, ' 90 Day Fiance', '2022-09-15 14:02:05', '2022-09-15 14:02:05'),
(331, 142, 82, ' 7 Little Johnstons', '2022-09-15 14:02:05', '2022-09-15 14:02:05'),
(332, 143, 82, '7 Little Johnstons', '2022-09-15 14:02:41', '2022-09-15 14:02:41'),
(333, 143, 78, ' 1000-Lb Sisters', '2022-09-15 14:02:41', '2022-09-15 14:02:41'),
(334, 143, 76, ' 90 Day Fiance', '2022-09-15 14:02:41', '2022-09-15 14:02:41'),
(338, 144, 78, '1000-Lb Sisters', '2022-09-16 07:19:44', '2022-09-16 07:19:44'),
(360, 145, 78, '1000-Lb Sisters', '2022-09-16 09:45:52', '2022-09-16 09:45:52'),
(361, 145, 82, ' 7 Little Johnstons', '2022-09-16 09:45:52', '2022-09-16 09:45:52'),
(362, 145, 76, ' 90 Day Fiance', '2022-09-16 09:45:52', '2022-09-16 09:45:52'),
(363, 145, 73, ' Days Of Our Lives', '2022-09-16 09:45:52', '2022-09-16 09:45:52'),
(364, 145, 72, ' General Hospital', '2022-09-16 09:45:52', '2022-09-16 09:45:52'),
(365, 145, 75, ' Bold and the Beautiful', '2022-09-16 09:45:52', '2022-09-16 09:45:52'),
(366, 145, 81, ' Little People Big World', '2022-09-16 09:45:52', '2022-09-16 09:45:52');

--
-- Indexes for dumped tables
--

--
-- Indexes for table `Admins`
--
ALTER TABLE `Admins`
  ADD PRIMARY KEY (`id`),
  ADD UNIQUE KEY `username` (`username`),
  ADD UNIQUE KEY `email` (`email`);

--
-- Indexes for table `Ads`
--
ALTER TABLE `Ads`
  ADD PRIMARY KEY (`id`);

--
-- Indexes for table `Comments`
--
ALTER TABLE `Comments`
  ADD PRIMARY KEY (`id`);

--
-- Indexes for table `comment_likes`
--
ALTER TABLE `comment_likes`
  ADD PRIMARY KEY (`id`);

--
-- Indexes for table `Feedbacks`
--
ALTER TABLE `Feedbacks`
  ADD PRIMARY KEY (`id`);

--
-- Indexes for table `Notifications`
--
ALTER TABLE `Notifications`
  ADD PRIMARY KEY (`id`);

--
-- Indexes for table `notification_tags`
--
ALTER TABLE `notification_tags`
  ADD PRIMARY KEY (`id`);

--
-- Indexes for table `Options`
--
ALTER TABLE `Options`
  ADD PRIMARY KEY (`id`);

--
-- Indexes for table `Otps`
--
ALTER TABLE `Otps`
  ADD PRIMARY KEY (`id`);

--
-- Indexes for table `post_likes`
--
ALTER TABLE `post_likes`
  ADD PRIMARY KEY (`id`);

--
-- Indexes for table `Quizzes`
--
ALTER TABLE `Quizzes`
  ADD PRIMARY KEY (`id`);

--
-- Indexes for table `quiz_attempts`
--
ALTER TABLE `quiz_attempts`
  ADD PRIMARY KEY (`id`);

--
-- Indexes for table `read_articles`
--
ALTER TABLE `read_articles`
  ADD PRIMARY KEY (`id`);

--
-- Indexes for table `Replies`
--
ALTER TABLE `Replies`
  ADD PRIMARY KEY (`id`);

--
-- Indexes for table `SequelizeMeta`
--
ALTER TABLE `SequelizeMeta`
  ADD PRIMARY KEY (`name`),
  ADD UNIQUE KEY `name` (`name`);

--
-- Indexes for table `Users`
--
ALTER TABLE `Users`
  ADD PRIMARY KEY (`id`),
  ADD UNIQUE KEY `email` (`email`),
  ADD UNIQUE KEY `mobile` (`mobile`);

--
-- Indexes for table `user_tags`
--
ALTER TABLE `user_tags`
  ADD PRIMARY KEY (`id`);

--
-- AUTO_INCREMENT for dumped tables
--

--
-- AUTO_INCREMENT for table `Admins`
--
ALTER TABLE `Admins`
  MODIFY `id` int(11) NOT NULL AUTO_INCREMENT, AUTO_INCREMENT=2;
--
-- AUTO_INCREMENT for table `Ads`
--
ALTER TABLE `Ads`
  MODIFY `id` int(11) NOT NULL AUTO_INCREMENT, AUTO_INCREMENT=11;
--
-- AUTO_INCREMENT for table `Comments`
--
ALTER TABLE `Comments`
  MODIFY `id` int(11) NOT NULL AUTO_INCREMENT, AUTO_INCREMENT=83;
--
-- AUTO_INCREMENT for table `comment_likes`
--
ALTER TABLE `comment_likes`
  MODIFY `id` int(11) NOT NULL AUTO_INCREMENT, AUTO_INCREMENT=5;
--
-- AUTO_INCREMENT for table `Feedbacks`
--
ALTER TABLE `Feedbacks`
  MODIFY `id` int(11) NOT NULL AUTO_INCREMENT;
--
-- AUTO_INCREMENT for table `Notifications`
--
ALTER TABLE `Notifications`
  MODIFY `id` int(11) NOT NULL AUTO_INCREMENT, AUTO_INCREMENT=2;
--
-- AUTO_INCREMENT for table `notification_tags`
--
ALTER TABLE `notification_tags`
  MODIFY `id` int(11) NOT NULL AUTO_INCREMENT, AUTO_INCREMENT=3;
--
-- AUTO_INCREMENT for table `Options`
--
ALTER TABLE `Options`
  MODIFY `id` int(11) NOT NULL AUTO_INCREMENT, AUTO_INCREMENT=48;
--
-- AUTO_INCREMENT for table `Otps`
--
ALTER TABLE `Otps`
  MODIFY `id` int(11) NOT NULL AUTO_INCREMENT, AUTO_INCREMENT=223;
--
-- AUTO_INCREMENT for table `post_likes`
--
ALTER TABLE `post_likes`
  MODIFY `id` int(11) NOT NULL AUTO_INCREMENT, AUTO_INCREMENT=12;
--
-- AUTO_INCREMENT for table `Quizzes`
--
ALTER TABLE `Quizzes`
  MODIFY `id` int(11) NOT NULL AUTO_INCREMENT, AUTO_INCREMENT=19;
--
-- AUTO_INCREMENT for table `quiz_attempts`
--
ALTER TABLE `quiz_attempts`
  MODIFY `id` int(11) NOT NULL AUTO_INCREMENT;
--
-- AUTO_INCREMENT for table `read_articles`
--
ALTER TABLE `read_articles`
  MODIFY `id` int(11) NOT NULL AUTO_INCREMENT, AUTO_INCREMENT=100;
--
-- AUTO_INCREMENT for table `Replies`
--
ALTER TABLE `Replies`
  MODIFY `id` int(11) NOT NULL AUTO_INCREMENT, AUTO_INCREMENT=39;
--
-- AUTO_INCREMENT for table `Users`
--
ALTER TABLE `Users`
  MODIFY `id` int(11) NOT NULL AUTO_INCREMENT, AUTO_INCREMENT=146;
--
-- AUTO_INCREMENT for table `user_tags`
--
ALTER TABLE `user_tags`
  MODIFY `id` int(11) NOT NULL AUTO_INCREMENT, AUTO_INCREMENT=367;
/*!40101 SET CHARACTER_SET_CLIENT=@OLD_CHARACTER_SET_CLIENT */;
/*!40101 SET CHARACTER_SET_RESULTS=@OLD_CHARACTER_SET_RESULTS */;
/*!40101 SET COLLATION_CONNECTION=@OLD_COLLATION_CONNECTION */;
